[2021-04-22 22:47:01 -0400] [44685] [ERROR] Exception in worker process
Traceback (most recent call last):
  File "/Users/dmarkant/opt/anaconda3/envs/psiturk3/lib/python3.9/site-packages/psiturk/experiment.py", line 72, in check_templates_exist
    [app.jinja_env.get_template(try_this) for try_this in try_these]
  File "/Users/dmarkant/opt/anaconda3/envs/psiturk3/lib/python3.9/site-packages/psiturk/experiment.py", line 72, in <listcomp>
    [app.jinja_env.get_template(try_this) for try_this in try_these]
  File "/Users/dmarkant/opt/anaconda3/envs/psiturk3/lib/python3.9/site-packages/jinja2/environment.py", line 883, in get_template
    return self._load_template(name, self.make_globals(globals))
  File "/Users/dmarkant/opt/anaconda3/envs/psiturk3/lib/python3.9/site-packages/jinja2/environment.py", line 857, in _load_template
    template = self.loader.load(self, name, globals)
  File "/Users/dmarkant/opt/anaconda3/envs/psiturk3/lib/python3.9/site-packages/jinja2/loaders.py", line 115, in load
    source, filename, uptodate = self.get_source(environment, name)
  File "/Users/dmarkant/opt/anaconda3/envs/psiturk3/lib/python3.9/site-packages/flask/templating.py", line 60, in get_source
    return self._get_source_fast(environment, template)
  File "/Users/dmarkant/opt/anaconda3/envs/psiturk3/lib/python3.9/site-packages/flask/templating.py", line 89, in _get_source_fast
    raise TemplateNotFound(template)
jinja2.exceptions.TemplateNotFound: thanks-mturksubmit.html

During handling of the above exception, another exception occurred:

Traceback (most recent call last):
  File "/Users/dmarkant/opt/anaconda3/envs/psiturk3/lib/python3.9/site-packages/gunicorn/arbiter.py", line 583, in spawn_worker
    worker.init_process()
  File "/Users/dmarkant/opt/anaconda3/envs/psiturk3/lib/python3.9/site-packages/gunicorn/workers/ggevent.py", line 162, in init_process
    super().init_process()
  File "/Users/dmarkant/opt/anaconda3/envs/psiturk3/lib/python3.9/site-packages/gunicorn/workers/base.py", line 119, in init_process
    self.load_wsgi()
  File "/Users/dmarkant/opt/anaconda3/envs/psiturk3/lib/python3.9/site-packages/gunicorn/workers/base.py", line 144, in load_wsgi
    self.wsgi = self.app.wsgi()
  File "/Users/dmarkant/opt/anaconda3/envs/psiturk3/lib/python3.9/site-packages/gunicorn/app/base.py", line 67, in wsgi
    self.callable = self.load()
  File "/Users/dmarkant/opt/anaconda3/envs/psiturk3/lib/python3.9/site-packages/psiturk/experiment_server.py", line 64, in load
    return util.import_app("psiturk.experiment:app")
  File "/Users/dmarkant/opt/anaconda3/envs/psiturk3/lib/python3.9/site-packages/gunicorn/util.py", line 358, in import_app
    mod = importlib.import_module(module)
  File "/Users/dmarkant/opt/anaconda3/envs/psiturk3/lib/python3.9/importlib/__init__.py", line 127, in import_module
    return _bootstrap._gcd_import(name[level:], package, level)
  File "<frozen importlib._bootstrap>", line 1030, in _gcd_import
  File "<frozen importlib._bootstrap>", line 1007, in _find_and_load
  File "<frozen importlib._bootstrap>", line 986, in _find_and_load_unlocked
  File "<frozen importlib._bootstrap>", line 680, in _load_unlocked
  File "<frozen importlib._bootstrap_external>", line 790, in exec_module
  File "<frozen importlib._bootstrap>", line 228, in _call_with_frames_removed
  File "/Users/dmarkant/opt/anaconda3/envs/psiturk3/lib/python3.9/site-packages/psiturk/experiment.py", line 81, in <module>
    check_templates_exist()
  File "/Users/dmarkant/opt/anaconda3/envs/psiturk3/lib/python3.9/site-packages/psiturk/experiment.py", line 74, in check_templates_exist
    raise RuntimeError((
RuntimeError: Missing one of the following templates: thanks-mturksubmit.html, closepopup.html.Copy these over from a freshly-created psiturk example experiment.('TemplateNotFound', 'thanks-mturksubmit.html')
[2021-04-22 22:47:01 -0400] [44686] [ERROR] Exception in worker process
Traceback (most recent call last):
  File "/Users/dmarkant/opt/anaconda3/envs/psiturk3/lib/python3.9/site-packages/psiturk/experiment.py", line 72, in check_templates_exist
    [app.jinja_env.get_template(try_this) for try_this in try_these]
  File "/Users/dmarkant/opt/anaconda3/envs/psiturk3/lib/python3.9/site-packages/psiturk/experiment.py", line 72, in <listcomp>
    [app.jinja_env.get_template(try_this) for try_this in try_these]
  File "/Users/dmarkant/opt/anaconda3/envs/psiturk3/lib/python3.9/site-packages/jinja2/environment.py", line 883, in get_template
    return self._load_template(name, self.make_globals(globals))
  File "/Users/dmarkant/opt/anaconda3/envs/psiturk3/lib/python3.9/site-packages/jinja2/environment.py", line 857, in _load_template
    template = self.loader.load(self, name, globals)
  File "/Users/dmarkant/opt/anaconda3/envs/psiturk3/lib/python3.9/site-packages/jinja2/loaders.py", line 115, in load
    source, filename, uptodate = self.get_source(environment, name)
  File "/Users/dmarkant/opt/anaconda3/envs/psiturk3/lib/python3.9/site-packages/flask/templating.py", line 60, in get_source
    return self._get_source_fast(environment, template)
  File "/Users/dmarkant/opt/anaconda3/envs/psiturk3/lib/python3.9/site-packages/flask/templating.py", line 89, in _get_source_fast
    raise TemplateNotFound(template)
jinja2.exceptions.TemplateNotFound: thanks-mturksubmit.html

During handling of the above exception, another exception occurred:

Traceback (most recent call last):
  File "/Users/dmarkant/opt/anaconda3/envs/psiturk3/lib/python3.9/site-packages/gunicorn/arbiter.py", line 583, in spawn_worker
    worker.init_process()
  File "/Users/dmarkant/opt/anaconda3/envs/psiturk3/lib/python3.9/site-packages/gunicorn/workers/ggevent.py", line 162, in init_process
    super().init_process()
  File "/Users/dmarkant/opt/anaconda3/envs/psiturk3/lib/python3.9/site-packages/gunicorn/workers/base.py", line 119, in init_process
    self.load_wsgi()
  File "/Users/dmarkant/opt/anaconda3/envs/psiturk3/lib/python3.9/site-packages/gunicorn/workers/base.py", line 144, in load_wsgi
    self.wsgi = self.app.wsgi()
  File "/Users/dmarkant/opt/anaconda3/envs/psiturk3/lib/python3.9/site-packages/gunicorn/app/base.py", line 67, in wsgi
    self.callable = self.load()
  File "/Users/dmarkant/opt/anaconda3/envs/psiturk3/lib/python3.9/site-packages/psiturk/experiment_server.py", line 64, in load
    return util.import_app("psiturk.experiment:app")
  File "/Users/dmarkant/opt/anaconda3/envs/psiturk3/lib/python3.9/site-packages/gunicorn/util.py", line 358, in import_app
    mod = importlib.import_module(module)
  File "/Users/dmarkant/opt/anaconda3/envs/psiturk3/lib/python3.9/importlib/__init__.py", line 127, in import_module
    return _bootstrap._gcd_import(name[level:], package, level)
  File "<frozen importlib._bootstrap>", line 1030, in _gcd_import
  File "<frozen importlib._bootstrap>", line 1007, in _find_and_load
  File "<frozen importlib._bootstrap>", line 986, in _find_and_load_unlocked
  File "<frozen importlib._bootstrap>", line 680, in _load_unlocked
  File "<frozen importlib._bootstrap_external>", line 790, in exec_module
  File "<frozen importlib._bootstrap>", line 228, in _call_with_frames_removed
  File "/Users/dmarkant/opt/anaconda3/envs/psiturk3/lib/python3.9/site-packages/psiturk/experiment.py", line 81, in <module>
    check_templates_exist()
  File "/Users/dmarkant/opt/anaconda3/envs/psiturk3/lib/python3.9/site-packages/psiturk/experiment.py", line 74, in check_templates_exist
    raise RuntimeError((
RuntimeError: Missing one of the following templates: thanks-mturksubmit.html, closepopup.html.Copy these over from a freshly-created psiturk example experiment.('TemplateNotFound', 'thanks-mturksubmit.html')
[2021-04-22 22:47:02 -0400] [44687] [ERROR] Exception in worker process
Traceback (most recent call last):
  File "/Users/dmarkant/opt/anaconda3/envs/psiturk3/lib/python3.9/site-packages/psiturk/experiment.py", line 72, in check_templates_exist
    [app.jinja_env.get_template(try_this) for try_this in try_these]
  File "/Users/dmarkant/opt/anaconda3/envs/psiturk3/lib/python3.9/site-packages/psiturk/experiment.py", line 72, in <listcomp>
    [app.jinja_env.get_template(try_this) for try_this in try_these]
  File "/Users/dmarkant/opt/anaconda3/envs/psiturk3/lib/python3.9/site-packages/jinja2/environment.py", line 883, in get_template
    return self._load_template(name, self.make_globals(globals))
  File "/Users/dmarkant/opt/anaconda3/envs/psiturk3/lib/python3.9/site-packages/jinja2/environment.py", line 857, in _load_template
    template = self.loader.load(self, name, globals)
  File "/Users/dmarkant/opt/anaconda3/envs/psiturk3/lib/python3.9/site-packages/jinja2/loaders.py", line 115, in load
    source, filename, uptodate = self.get_source(environment, name)
  File "/Users/dmarkant/opt/anaconda3/envs/psiturk3/lib/python3.9/site-packages/flask/templating.py", line 60, in get_source
    return self._get_source_fast(environment, template)
  File "/Users/dmarkant/opt/anaconda3/envs/psiturk3/lib/python3.9/site-packages/flask/templating.py", line 89, in _get_source_fast
    raise TemplateNotFound(template)
jinja2.exceptions.TemplateNotFound: thanks-mturksubmit.html

During handling of the above exception, another exception occurred:

Traceback (most recent call last):
  File "/Users/dmarkant/opt/anaconda3/envs/psiturk3/lib/python3.9/site-packages/gunicorn/arbiter.py", line 583, in spawn_worker
    worker.init_process()
  File "/Users/dmarkant/opt/anaconda3/envs/psiturk3/lib/python3.9/site-packages/gunicorn/workers/ggevent.py", line 162, in init_process
    super().init_process()
  File "/Users/dmarkant/opt/anaconda3/envs/psiturk3/lib/python3.9/site-packages/gunicorn/workers/base.py", line 119, in init_process
    self.load_wsgi()
  File "/Users/dmarkant/opt/anaconda3/envs/psiturk3/lib/python3.9/site-packages/gunicorn/workers/base.py", line 144, in load_wsgi
    self.wsgi = self.app.wsgi()
  File "/Users/dmarkant/opt/anaconda3/envs/psiturk3/lib/python3.9/site-packages/gunicorn/app/base.py", line 67, in wsgi
    self.callable = self.load()
  File "/Users/dmarkant/opt/anaconda3/envs/psiturk3/lib/python3.9/site-packages/psiturk/experiment_server.py", line 64, in load
    return util.import_app("psiturk.experiment:app")
  File "/Users/dmarkant/opt/anaconda3/envs/psiturk3/lib/python3.9/site-packages/gunicorn/util.py", line 358, in import_app
    mod = importlib.import_module(module)
  File "/Users/dmarkant/opt/anaconda3/envs/psiturk3/lib/python3.9/importlib/__init__.py", line 127, in import_module
    return _bootstrap._gcd_import(name[level:], package, level)
  File "<frozen importlib._bootstrap>", line 1030, in _gcd_import
  File "<frozen importlib._bootstrap>", line 1007, in _find_and_load
  File "<frozen importlib._bootstrap>", line 986, in _find_and_load_unlocked
  File "<frozen importlib._bootstrap>", line 680, in _load_unlocked
  File "<frozen importlib._bootstrap_external>", line 790, in exec_module
  File "<frozen importlib._bootstrap>", line 228, in _call_with_frames_removed
  File "/Users/dmarkant/opt/anaconda3/envs/psiturk3/lib/python3.9/site-packages/psiturk/experiment.py", line 81, in <module>
    check_templates_exist()
  File "/Users/dmarkant/opt/anaconda3/envs/psiturk3/lib/python3.9/site-packages/psiturk/experiment.py", line 74, in check_templates_exist
    raise RuntimeError((
RuntimeError: Missing one of the following templates: thanks-mturksubmit.html, closepopup.html.Copy these over from a freshly-created psiturk example experiment.('TemplateNotFound', 'thanks-mturksubmit.html')
[2021-04-22 22:47:02 -0400] [44688] [ERROR] Exception in worker process
Traceback (most recent call last):
  File "/Users/dmarkant/opt/anaconda3/envs/psiturk3/lib/python3.9/site-packages/psiturk/experiment.py", line 72, in check_templates_exist
    [app.jinja_env.get_template(try_this) for try_this in try_these]
  File "/Users/dmarkant/opt/anaconda3/envs/psiturk3/lib/python3.9/site-packages/psiturk/experiment.py", line 72, in <listcomp>
    [app.jinja_env.get_template(try_this) for try_this in try_these]
  File "/Users/dmarkant/opt/anaconda3/envs/psiturk3/lib/python3.9/site-packages/jinja2/environment.py", line 883, in get_template
    return self._load_template(name, self.make_globals(globals))
  File "/Users/dmarkant/opt/anaconda3/envs/psiturk3/lib/python3.9/site-packages/jinja2/environment.py", line 857, in _load_template
    template = self.loader.load(self, name, globals)
  File "/Users/dmarkant/opt/anaconda3/envs/psiturk3/lib/python3.9/site-packages/jinja2/loaders.py", line 115, in load
    source, filename, uptodate = self.get_source(environment, name)
  File "/Users/dmarkant/opt/anaconda3/envs/psiturk3/lib/python3.9/site-packages/flask/templating.py", line 60, in get_source
    return self._get_source_fast(environment, template)
  File "/Users/dmarkant/opt/anaconda3/envs/psiturk3/lib/python3.9/site-packages/flask/templating.py", line 89, in _get_source_fast
    raise TemplateNotFound(template)
jinja2.exceptions.TemplateNotFound: thanks-mturksubmit.html

During handling of the above exception, another exception occurred:

Traceback (most recent call last):
  File "/Users/dmarkant/opt/anaconda3/envs/psiturk3/lib/python3.9/site-packages/gunicorn/arbiter.py", line 583, in spawn_worker
    worker.init_process()
  File "/Users/dmarkant/opt/anaconda3/envs/psiturk3/lib/python3.9/site-packages/gunicorn/workers/ggevent.py", line 162, in init_process
    super().init_process()
  File "/Users/dmarkant/opt/anaconda3/envs/psiturk3/lib/python3.9/site-packages/gunicorn/workers/base.py", line 119, in init_process
    self.load_wsgi()
  File "/Users/dmarkant/opt/anaconda3/envs/psiturk3/lib/python3.9/site-packages/gunicorn/workers/base.py", line 144, in load_wsgi
    self.wsgi = self.app.wsgi()
  File "/Users/dmarkant/opt/anaconda3/envs/psiturk3/lib/python3.9/site-packages/gunicorn/app/base.py", line 67, in wsgi
    self.callable = self.load()
  File "/Users/dmarkant/opt/anaconda3/envs/psiturk3/lib/python3.9/site-packages/psiturk/experiment_server.py", line 64, in load
    return util.import_app("psiturk.experiment:app")
  File "/Users/dmarkant/opt/anaconda3/envs/psiturk3/lib/python3.9/site-packages/gunicorn/util.py", line 358, in import_app
    mod = importlib.import_module(module)
  File "/Users/dmarkant/opt/anaconda3/envs/psiturk3/lib/python3.9/importlib/__init__.py", line 127, in import_module
    return _bootstrap._gcd_import(name[level:], package, level)
  File "<frozen importlib._bootstrap>", line 1030, in _gcd_import
  File "<frozen importlib._bootstrap>", line 1007, in _find_and_load
  File "<frozen importlib._bootstrap>", line 986, in _find_and_load_unlocked
  File "<frozen importlib._bootstrap>", line 680, in _load_unlocked
  File "<frozen importlib._bootstrap_external>", line 790, in exec_module
  File "<frozen importlib._bootstrap>", line 228, in _call_with_frames_removed
  File "/Users/dmarkant/opt/anaconda3/envs/psiturk3/lib/python3.9/site-packages/psiturk/experiment.py", line 81, in <module>
    check_templates_exist()
  File "/Users/dmarkant/opt/anaconda3/envs/psiturk3/lib/python3.9/site-packages/psiturk/experiment.py", line 74, in check_templates_exist
    raise RuntimeError((
RuntimeError: Missing one of the following templates: thanks-mturksubmit.html, closepopup.html.Copy these over from a freshly-created psiturk example experiment.('TemplateNotFound', 'thanks-mturksubmit.html')
[2021-04-22 22:47:02 -0400] [44689] [ERROR] Exception in worker process
Traceback (most recent call last):
  File "/Users/dmarkant/opt/anaconda3/envs/psiturk3/lib/python3.9/site-packages/psiturk/experiment.py", line 72, in check_templates_exist
    [app.jinja_env.get_template(try_this) for try_this in try_these]
  File "/Users/dmarkant/opt/anaconda3/envs/psiturk3/lib/python3.9/site-packages/psiturk/experiment.py", line 72, in <listcomp>
    [app.jinja_env.get_template(try_this) for try_this in try_these]
  File "/Users/dmarkant/opt/anaconda3/envs/psiturk3/lib/python3.9/site-packages/jinja2/environment.py", line 883, in get_template
    return self._load_template(name, self.make_globals(globals))
  File "/Users/dmarkant/opt/anaconda3/envs/psiturk3/lib/python3.9/site-packages/jinja2/environment.py", line 857, in _load_template
    template = self.loader.load(self, name, globals)
  File "/Users/dmarkant/opt/anaconda3/envs/psiturk3/lib/python3.9/site-packages/jinja2/loaders.py", line 115, in load
    source, filename, uptodate = self.get_source(environment, name)
  File "/Users/dmarkant/opt/anaconda3/envs/psiturk3/lib/python3.9/site-packages/flask/templating.py", line 60, in get_source
    return self._get_source_fast(environment, template)
  File "/Users/dmarkant/opt/anaconda3/envs/psiturk3/lib/python3.9/site-packages/flask/templating.py", line 89, in _get_source_fast
    raise TemplateNotFound(template)
jinja2.exceptions.TemplateNotFound: thanks-mturksubmit.html

During handling of the above exception, another exception occurred:

Traceback (most recent call last):
  File "/Users/dmarkant/opt/anaconda3/envs/psiturk3/lib/python3.9/site-packages/gunicorn/arbiter.py", line 583, in spawn_worker
    worker.init_process()
  File "/Users/dmarkant/opt/anaconda3/envs/psiturk3/lib/python3.9/site-packages/gunicorn/workers/ggevent.py", line 162, in init_process
    super().init_process()
  File "/Users/dmarkant/opt/anaconda3/envs/psiturk3/lib/python3.9/site-packages/gunicorn/workers/base.py", line 119, in init_process
    self.load_wsgi()
  File "/Users/dmarkant/opt/anaconda3/envs/psiturk3/lib/python3.9/site-packages/gunicorn/workers/base.py", line 144, in load_wsgi
    self.wsgi = self.app.wsgi()
  File "/Users/dmarkant/opt/anaconda3/envs/psiturk3/lib/python3.9/site-packages/gunicorn/app/base.py", line 67, in wsgi
    self.callable = self.load()
  File "/Users/dmarkant/opt/anaconda3/envs/psiturk3/lib/python3.9/site-packages/psiturk/experiment_server.py", line 64, in load
    return util.import_app("psiturk.experiment:app")
  File "/Users/dmarkant/opt/anaconda3/envs/psiturk3/lib/python3.9/site-packages/gunicorn/util.py", line 358, in import_app
    mod = importlib.import_module(module)
  File "/Users/dmarkant/opt/anaconda3/envs/psiturk3/lib/python3.9/importlib/__init__.py", line 127, in import_module
    return _bootstrap._gcd_import(name[level:], package, level)
  File "<frozen importlib._bootstrap>", line 1030, in _gcd_import
  File "<frozen importlib._bootstrap>", line 1007, in _find_and_load
  File "<frozen importlib._bootstrap>", line 986, in _find_and_load_unlocked
  File "<frozen importlib._bootstrap>", line 680, in _load_unlocked
  File "<frozen importlib._bootstrap_external>", line 790, in exec_module
  File "<frozen importlib._bootstrap>", line 228, in _call_with_frames_removed
  File "/Users/dmarkant/opt/anaconda3/envs/psiturk3/lib/python3.9/site-packages/psiturk/experiment.py", line 81, in <module>
    check_templates_exist()
  File "/Users/dmarkant/opt/anaconda3/envs/psiturk3/lib/python3.9/site-packages/psiturk/experiment.py", line 74, in check_templates_exist
    raise RuntimeError((
RuntimeError: Missing one of the following templates: thanks-mturksubmit.html, closepopup.html.Copy these over from a freshly-created psiturk example experiment.('TemplateNotFound', 'thanks-mturksubmit.html')
[2021-04-22 22:47:02 -0400] [44691] [ERROR] Exception in worker process
Traceback (most recent call last):
  File "/Users/dmarkant/opt/anaconda3/envs/psiturk3/lib/python3.9/site-packages/psiturk/experiment.py", line 72, in check_templates_exist
    [app.jinja_env.get_template(try_this) for try_this in try_these]
  File "/Users/dmarkant/opt/anaconda3/envs/psiturk3/lib/python3.9/site-packages/psiturk/experiment.py", line 72, in <listcomp>
    [app.jinja_env.get_template(try_this) for try_this in try_these]
  File "/Users/dmarkant/opt/anaconda3/envs/psiturk3/lib/python3.9/site-packages/jinja2/environment.py", line 883, in get_template
    return self._load_template(name, self.make_globals(globals))
  File "/Users/dmarkant/opt/anaconda3/envs/psiturk3/lib/python3.9/site-packages/jinja2/environment.py", line 857, in _load_template
    template = self.loader.load(self, name, globals)
  File "/Users/dmarkant/opt/anaconda3/envs/psiturk3/lib/python3.9/site-packages/jinja2/loaders.py", line 115, in load
    source, filename, uptodate = self.get_source(environment, name)
  File "/Users/dmarkant/opt/anaconda3/envs/psiturk3/lib/python3.9/site-packages/flask/templating.py", line 60, in get_source
    return self._get_source_fast(environment, template)
  File "/Users/dmarkant/opt/anaconda3/envs/psiturk3/lib/python3.9/site-packages/flask/templating.py", line 89, in _get_source_fast
    raise TemplateNotFound(template)
jinja2.exceptions.TemplateNotFound: thanks-mturksubmit.html

During handling of the above exception, another exception occurred:

Traceback (most recent call last):
  File "/Users/dmarkant/opt/anaconda3/envs/psiturk3/lib/python3.9/site-packages/gunicorn/arbiter.py", line 583, in spawn_worker
    worker.init_process()
  File "/Users/dmarkant/opt/anaconda3/envs/psiturk3/lib/python3.9/site-packages/gunicorn/workers/ggevent.py", line 162, in init_process
    super().init_process()
  File "/Users/dmarkant/opt/anaconda3/envs/psiturk3/lib/python3.9/site-packages/gunicorn/workers/base.py", line 119, in init_process
    self.load_wsgi()
  File "/Users/dmarkant/opt/anaconda3/envs/psiturk3/lib/python3.9/site-packages/gunicorn/workers/base.py", line 144, in load_wsgi
    self.wsgi = self.app.wsgi()
  File "/Users/dmarkant/opt/anaconda3/envs/psiturk3/lib/python3.9/site-packages/gunicorn/app/base.py", line 67, in wsgi
    self.callable = self.load()
  File "/Users/dmarkant/opt/anaconda3/envs/psiturk3/lib/python3.9/site-packages/psiturk/experiment_server.py", line 64, in load
    return util.import_app("psiturk.experiment:app")
  File "/Users/dmarkant/opt/anaconda3/envs/psiturk3/lib/python3.9/site-packages/gunicorn/util.py", line 358, in import_app
    mod = importlib.import_module(module)
  File "/Users/dmarkant/opt/anaconda3/envs/psiturk3/lib/python3.9/importlib/__init__.py", line 127, in import_module
    return _bootstrap._gcd_import(name[level:], package, level)
  File "<frozen importlib._bootstrap>", line 1030, in _gcd_import
  File "<frozen importlib._bootstrap>", line 1007, in _find_and_load
  File "<frozen importlib._bootstrap>", line 986, in _find_and_load_unlocked
  File "<frozen importlib._bootstrap>", line 680, in _load_unlocked
  File "<frozen importlib._bootstrap_external>", line 790, in exec_module
  File "<frozen importlib._bootstrap>", line 228, in _call_with_frames_removed
  File "/Users/dmarkant/opt/anaconda3/envs/psiturk3/lib/python3.9/site-packages/psiturk/experiment.py", line 81, in <module>
    check_templates_exist()
  File "/Users/dmarkant/opt/anaconda3/envs/psiturk3/lib/python3.9/site-packages/psiturk/experiment.py", line 74, in check_templates_exist
    raise RuntimeError((
RuntimeError: Missing one of the following templates: thanks-mturksubmit.html, closepopup.html.Copy these over from a freshly-created psiturk example experiment.('TemplateNotFound', 'thanks-mturksubmit.html')
[2021-04-22 22:47:02 -0400] [44690] [ERROR] Exception in worker process
Traceback (most recent call last):
  File "/Users/dmarkant/opt/anaconda3/envs/psiturk3/lib/python3.9/site-packages/psiturk/experiment.py", line 72, in check_templates_exist
    [app.jinja_env.get_template(try_this) for try_this in try_these]
  File "/Users/dmarkant/opt/anaconda3/envs/psiturk3/lib/python3.9/site-packages/psiturk/experiment.py", line 72, in <listcomp>
    [app.jinja_env.get_template(try_this) for try_this in try_these]
  File "/Users/dmarkant/opt/anaconda3/envs/psiturk3/lib/python3.9/site-packages/jinja2/environment.py", line 883, in get_template
    return self._load_template(name, self.make_globals(globals))
  File "/Users/dmarkant/opt/anaconda3/envs/psiturk3/lib/python3.9/site-packages/jinja2/environment.py", line 857, in _load_template
    template = self.loader.load(self, name, globals)
  File "/Users/dmarkant/opt/anaconda3/envs/psiturk3/lib/python3.9/site-packages/jinja2/loaders.py", line 115, in load
    source, filename, uptodate = self.get_source(environment, name)
  File "/Users/dmarkant/opt/anaconda3/envs/psiturk3/lib/python3.9/site-packages/flask/templating.py", line 60, in get_source
    return self._get_source_fast(environment, template)
  File "/Users/dmarkant/opt/anaconda3/envs/psiturk3/lib/python3.9/site-packages/flask/templating.py", line 89, in _get_source_fast
    raise TemplateNotFound(template)
jinja2.exceptions.TemplateNotFound: thanks-mturksubmit.html

During handling of the above exception, another exception occurred:

Traceback (most recent call last):
  File "/Users/dmarkant/opt/anaconda3/envs/psiturk3/lib/python3.9/site-packages/gunicorn/arbiter.py", line 583, in spawn_worker
    worker.init_process()
  File "/Users/dmarkant/opt/anaconda3/envs/psiturk3/lib/python3.9/site-packages/gunicorn/workers/ggevent.py", line 162, in init_process
    super().init_process()
  File "/Users/dmarkant/opt/anaconda3/envs/psiturk3/lib/python3.9/site-packages/gunicorn/workers/base.py", line 119, in init_process
    self.load_wsgi()
  File "/Users/dmarkant/opt/anaconda3/envs/psiturk3/lib/python3.9/site-packages/gunicorn/workers/base.py", line 144, in load_wsgi
    self.wsgi = self.app.wsgi()
  File "/Users/dmarkant/opt/anaconda3/envs/psiturk3/lib/python3.9/site-packages/gunicorn/app/base.py", line 67, in wsgi
    self.callable = self.load()
  File "/Users/dmarkant/opt/anaconda3/envs/psiturk3/lib/python3.9/site-packages/psiturk/experiment_server.py", line 64, in load
    return util.import_app("psiturk.experiment:app")
  File "/Users/dmarkant/opt/anaconda3/envs/psiturk3/lib/python3.9/site-packages/gunicorn/util.py", line 358, in import_app
    mod = importlib.import_module(module)
  File "/Users/dmarkant/opt/anaconda3/envs/psiturk3/lib/python3.9/importlib/__init__.py", line 127, in import_module
    return _bootstrap._gcd_import(name[level:], package, level)
  File "<frozen importlib._bootstrap>", line 1030, in _gcd_import
  File "<frozen importlib._bootstrap>", line 1007, in _find_and_load
  File "<frozen importlib._bootstrap>", line 986, in _find_and_load_unlocked
  File "<frozen importlib._bootstrap>", line 680, in _load_unlocked
  File "<frozen importlib._bootstrap_external>", line 790, in exec_module
  File "<frozen importlib._bootstrap>", line 228, in _call_with_frames_removed
  File "/Users/dmarkant/opt/anaconda3/envs/psiturk3/lib/python3.9/site-packages/psiturk/experiment.py", line 81, in <module>
    check_templates_exist()
  File "/Users/dmarkant/opt/anaconda3/envs/psiturk3/lib/python3.9/site-packages/psiturk/experiment.py", line 74, in check_templates_exist
    raise RuntimeError((
RuntimeError: Missing one of the following templates: thanks-mturksubmit.html, closepopup.html.Copy these over from a freshly-created psiturk example experiment.('TemplateNotFound', 'thanks-mturksubmit.html')
[2021-04-22 22:47:02 -0400] [44693] [ERROR] Exception in worker process
Traceback (most recent call last):
  File "/Users/dmarkant/opt/anaconda3/envs/psiturk3/lib/python3.9/site-packages/psiturk/experiment.py", line 72, in check_templates_exist
    [app.jinja_env.get_template(try_this) for try_this in try_these]
  File "/Users/dmarkant/opt/anaconda3/envs/psiturk3/lib/python3.9/site-packages/psiturk/experiment.py", line 72, in <listcomp>
    [app.jinja_env.get_template(try_this) for try_this in try_these]
  File "/Users/dmarkant/opt/anaconda3/envs/psiturk3/lib/python3.9/site-packages/jinja2/environment.py", line 883, in get_template
    return self._load_template(name, self.make_globals(globals))
  File "/Users/dmarkant/opt/anaconda3/envs/psiturk3/lib/python3.9/site-packages/jinja2/environment.py", line 857, in _load_template
    template = self.loader.load(self, name, globals)
  File "/Users/dmarkant/opt/anaconda3/envs/psiturk3/lib/python3.9/site-packages/jinja2/loaders.py", line 115, in load
    source, filename, uptodate = self.get_source(environment, name)
  File "/Users/dmarkant/opt/anaconda3/envs/psiturk3/lib/python3.9/site-packages/flask/templating.py", line 60, in get_source
    return self._get_source_fast(environment, template)
  File "/Users/dmarkant/opt/anaconda3/envs/psiturk3/lib/python3.9/site-packages/flask/templating.py", line 89, in _get_source_fast
    raise TemplateNotFound(template)
jinja2.exceptions.TemplateNotFound: thanks-mturksubmit.html

During handling of the above exception, another exception occurred:

Traceback (most recent call last):
  File "/Users/dmarkant/opt/anaconda3/envs/psiturk3/lib/python3.9/site-packages/gunicorn/arbiter.py", line 583, in spawn_worker
    worker.init_process()
  File "/Users/dmarkant/opt/anaconda3/envs/psiturk3/lib/python3.9/site-packages/gunicorn/workers/ggevent.py", line 162, in init_process
    super().init_process()
  File "/Users/dmarkant/opt/anaconda3/envs/psiturk3/lib/python3.9/site-packages/gunicorn/workers/base.py", line 119, in init_process
    self.load_wsgi()
  File "/Users/dmarkant/opt/anaconda3/envs/psiturk3/lib/python3.9/site-packages/gunicorn/workers/base.py", line 144, in load_wsgi
    self.wsgi = self.app.wsgi()
  File "/Users/dmarkant/opt/anaconda3/envs/psiturk3/lib/python3.9/site-packages/gunicorn/app/base.py", line 67, in wsgi
    self.callable = self.load()
  File "/Users/dmarkant/opt/anaconda3/envs/psiturk3/lib/python3.9/site-packages/psiturk/experiment_server.py", line 64, in load
    return util.import_app("psiturk.experiment:app")
  File "/Users/dmarkant/opt/anaconda3/envs/psiturk3/lib/python3.9/site-packages/gunicorn/util.py", line 358, in import_app
    mod = importlib.import_module(module)
  File "/Users/dmarkant/opt/anaconda3/envs/psiturk3/lib/python3.9/importlib/__init__.py", line 127, in import_module
    return _bootstrap._gcd_import(name[level:], package, level)
  File "<frozen importlib._bootstrap>", line 1030, in _gcd_import
  File "<frozen importlib._bootstrap>", line 1007, in _find_and_load
  File "<frozen importlib._bootstrap>", line 986, in _find_and_load_unlocked
  File "<frozen importlib._bootstrap>", line 680, in _load_unlocked
  File "<frozen importlib._bootstrap_external>", line 790, in exec_module
  File "<frozen importlib._bootstrap>", line 228, in _call_with_frames_removed
  File "/Users/dmarkant/opt/anaconda3/envs/psiturk3/lib/python3.9/site-packages/psiturk/experiment.py", line 81, in <module>
    check_templates_exist()
  File "/Users/dmarkant/opt/anaconda3/envs/psiturk3/lib/python3.9/site-packages/psiturk/experiment.py", line 74, in check_templates_exist
    raise RuntimeError((
RuntimeError: Missing one of the following templates: thanks-mturksubmit.html, closepopup.html.Copy these over from a freshly-created psiturk example experiment.('TemplateNotFound', 'thanks-mturksubmit.html')
[2021-04-22 22:47:02 -0400] [44692] [ERROR] Exception in worker process
Traceback (most recent call last):
  File "/Users/dmarkant/opt/anaconda3/envs/psiturk3/lib/python3.9/site-packages/psiturk/experiment.py", line 72, in check_templates_exist
    [app.jinja_env.get_template(try_this) for try_this in try_these]
  File "/Users/dmarkant/opt/anaconda3/envs/psiturk3/lib/python3.9/site-packages/psiturk/experiment.py", line 72, in <listcomp>
    [app.jinja_env.get_template(try_this) for try_this in try_these]
  File "/Users/dmarkant/opt/anaconda3/envs/psiturk3/lib/python3.9/site-packages/jinja2/environment.py", line 883, in get_template
    return self._load_template(name, self.make_globals(globals))
  File "/Users/dmarkant/opt/anaconda3/envs/psiturk3/lib/python3.9/site-packages/jinja2/environment.py", line 857, in _load_template
    template = self.loader.load(self, name, globals)
  File "/Users/dmarkant/opt/anaconda3/envs/psiturk3/lib/python3.9/site-packages/jinja2/loaders.py", line 115, in load
    source, filename, uptodate = self.get_source(environment, name)
  File "/Users/dmarkant/opt/anaconda3/envs/psiturk3/lib/python3.9/site-packages/flask/templating.py", line 60, in get_source
    return self._get_source_fast(environment, template)
  File "/Users/dmarkant/opt/anaconda3/envs/psiturk3/lib/python3.9/site-packages/flask/templating.py", line 89, in _get_source_fast
    raise TemplateNotFound(template)
jinja2.exceptions.TemplateNotFound: thanks-mturksubmit.html

During handling of the above exception, another exception occurred:

Traceback (most recent call last):
  File "/Users/dmarkant/opt/anaconda3/envs/psiturk3/lib/python3.9/site-packages/gunicorn/arbiter.py", line 583, in spawn_worker
    worker.init_process()
  File "/Users/dmarkant/opt/anaconda3/envs/psiturk3/lib/python3.9/site-packages/gunicorn/workers/ggevent.py", line 162, in init_process
    super().init_process()
  File "/Users/dmarkant/opt/anaconda3/envs/psiturk3/lib/python3.9/site-packages/gunicorn/workers/base.py", line 119, in init_process
    self.load_wsgi()
  File "/Users/dmarkant/opt/anaconda3/envs/psiturk3/lib/python3.9/site-packages/gunicorn/workers/base.py", line 144, in load_wsgi
    self.wsgi = self.app.wsgi()
  File "/Users/dmarkant/opt/anaconda3/envs/psiturk3/lib/python3.9/site-packages/gunicorn/app/base.py", line 67, in wsgi
    self.callable = self.load()
  File "/Users/dmarkant/opt/anaconda3/envs/psiturk3/lib/python3.9/site-packages/psiturk/experiment_server.py", line 64, in load
    return util.import_app("psiturk.experiment:app")
  File "/Users/dmarkant/opt/anaconda3/envs/psiturk3/lib/python3.9/site-packages/gunicorn/util.py", line 358, in import_app
    mod = importlib.import_module(module)
  File "/Users/dmarkant/opt/anaconda3/envs/psiturk3/lib/python3.9/importlib/__init__.py", line 127, in import_module
    return _bootstrap._gcd_import(name[level:], package, level)
  File "<frozen importlib._bootstrap>", line 1030, in _gcd_import
  File "<frozen importlib._bootstrap>", line 1007, in _find_and_load
  File "<frozen importlib._bootstrap>", line 986, in _find_and_load_unlocked
  File "<frozen importlib._bootstrap>", line 680, in _load_unlocked
  File "<frozen importlib._bootstrap_external>", line 790, in exec_module
  File "<frozen importlib._bootstrap>", line 228, in _call_with_frames_removed
  File "/Users/dmarkant/opt/anaconda3/envs/psiturk3/lib/python3.9/site-packages/psiturk/experiment.py", line 81, in <module>
    check_templates_exist()
  File "/Users/dmarkant/opt/anaconda3/envs/psiturk3/lib/python3.9/site-packages/psiturk/experiment.py", line 74, in check_templates_exist
    raise RuntimeError((
RuntimeError: Missing one of the following templates: thanks-mturksubmit.html, closepopup.html.Copy these over from a freshly-created psiturk example experiment.('TemplateNotFound', 'thanks-mturksubmit.html')
[2021-04-22 22:48:20 -0400] [44871] [ERROR] Exception in worker process
Traceback (most recent call last):
  File "/Users/dmarkant/opt/anaconda3/envs/psiturk3/lib/python3.9/site-packages/psiturk/experiment.py", line 72, in check_templates_exist
    [app.jinja_env.get_template(try_this) for try_this in try_these]
  File "/Users/dmarkant/opt/anaconda3/envs/psiturk3/lib/python3.9/site-packages/psiturk/experiment.py", line 72, in <listcomp>
    [app.jinja_env.get_template(try_this) for try_this in try_these]
  File "/Users/dmarkant/opt/anaconda3/envs/psiturk3/lib/python3.9/site-packages/jinja2/environment.py", line 883, in get_template
    return self._load_template(name, self.make_globals(globals))
  File "/Users/dmarkant/opt/anaconda3/envs/psiturk3/lib/python3.9/site-packages/jinja2/environment.py", line 857, in _load_template
    template = self.loader.load(self, name, globals)
  File "/Users/dmarkant/opt/anaconda3/envs/psiturk3/lib/python3.9/site-packages/jinja2/loaders.py", line 115, in load
    source, filename, uptodate = self.get_source(environment, name)
  File "/Users/dmarkant/opt/anaconda3/envs/psiturk3/lib/python3.9/site-packages/flask/templating.py", line 60, in get_source
    return self._get_source_fast(environment, template)
  File "/Users/dmarkant/opt/anaconda3/envs/psiturk3/lib/python3.9/site-packages/flask/templating.py", line 89, in _get_source_fast
    raise TemplateNotFound(template)
jinja2.exceptions.TemplateNotFound: thanks-mturksubmit.html

During handling of the above exception, another exception occurred:

Traceback (most recent call last):
  File "/Users/dmarkant/opt/anaconda3/envs/psiturk3/lib/python3.9/site-packages/gunicorn/arbiter.py", line 583, in spawn_worker
    worker.init_process()
  File "/Users/dmarkant/opt/anaconda3/envs/psiturk3/lib/python3.9/site-packages/gunicorn/workers/ggevent.py", line 162, in init_process
    super().init_process()
  File "/Users/dmarkant/opt/anaconda3/envs/psiturk3/lib/python3.9/site-packages/gunicorn/workers/base.py", line 119, in init_process
    self.load_wsgi()
  File "/Users/dmarkant/opt/anaconda3/envs/psiturk3/lib/python3.9/site-packages/gunicorn/workers/base.py", line 144, in load_wsgi
    self.wsgi = self.app.wsgi()
  File "/Users/dmarkant/opt/anaconda3/envs/psiturk3/lib/python3.9/site-packages/gunicorn/app/base.py", line 67, in wsgi
    self.callable = self.load()
  File "/Users/dmarkant/opt/anaconda3/envs/psiturk3/lib/python3.9/site-packages/psiturk/experiment_server.py", line 64, in load
    return util.import_app("psiturk.experiment:app")
  File "/Users/dmarkant/opt/anaconda3/envs/psiturk3/lib/python3.9/site-packages/gunicorn/util.py", line 358, in import_app
    mod = importlib.import_module(module)
  File "/Users/dmarkant/opt/anaconda3/envs/psiturk3/lib/python3.9/importlib/__init__.py", line 127, in import_module
    return _bootstrap._gcd_import(name[level:], package, level)
  File "<frozen importlib._bootstrap>", line 1030, in _gcd_import
  File "<frozen importlib._bootstrap>", line 1007, in _find_and_load
  File "<frozen importlib._bootstrap>", line 986, in _find_and_load_unlocked
  File "<frozen importlib._bootstrap>", line 680, in _load_unlocked
  File "<frozen importlib._bootstrap_external>", line 790, in exec_module
  File "<frozen importlib._bootstrap>", line 228, in _call_with_frames_removed
  File "/Users/dmarkant/opt/anaconda3/envs/psiturk3/lib/python3.9/site-packages/psiturk/experiment.py", line 81, in <module>
    check_templates_exist()
  File "/Users/dmarkant/opt/anaconda3/envs/psiturk3/lib/python3.9/site-packages/psiturk/experiment.py", line 74, in check_templates_exist
    raise RuntimeError((
RuntimeError: Missing one of the following templates: thanks-mturksubmit.html, closepopup.html.Copy these over from a freshly-created psiturk example experiment.('TemplateNotFound', 'thanks-mturksubmit.html')
[2021-04-22 22:48:20 -0400] [44872] [ERROR] Exception in worker process
Traceback (most recent call last):
  File "/Users/dmarkant/opt/anaconda3/envs/psiturk3/lib/python3.9/site-packages/psiturk/experiment.py", line 72, in check_templates_exist
    [app.jinja_env.get_template(try_this) for try_this in try_these]
  File "/Users/dmarkant/opt/anaconda3/envs/psiturk3/lib/python3.9/site-packages/psiturk/experiment.py", line 72, in <listcomp>
    [app.jinja_env.get_template(try_this) for try_this in try_these]
  File "/Users/dmarkant/opt/anaconda3/envs/psiturk3/lib/python3.9/site-packages/jinja2/environment.py", line 883, in get_template
    return self._load_template(name, self.make_globals(globals))
  File "/Users/dmarkant/opt/anaconda3/envs/psiturk3/lib/python3.9/site-packages/jinja2/environment.py", line 857, in _load_template
    template = self.loader.load(self, name, globals)
  File "/Users/dmarkant/opt/anaconda3/envs/psiturk3/lib/python3.9/site-packages/jinja2/loaders.py", line 115, in load
    source, filename, uptodate = self.get_source(environment, name)
  File "/Users/dmarkant/opt/anaconda3/envs/psiturk3/lib/python3.9/site-packages/flask/templating.py", line 60, in get_source
    return self._get_source_fast(environment, template)
  File "/Users/dmarkant/opt/anaconda3/envs/psiturk3/lib/python3.9/site-packages/flask/templating.py", line 89, in _get_source_fast
    raise TemplateNotFound(template)
jinja2.exceptions.TemplateNotFound: thanks-mturksubmit.html

During handling of the above exception, another exception occurred:

Traceback (most recent call last):
  File "/Users/dmarkant/opt/anaconda3/envs/psiturk3/lib/python3.9/site-packages/gunicorn/arbiter.py", line 583, in spawn_worker
    worker.init_process()
  File "/Users/dmarkant/opt/anaconda3/envs/psiturk3/lib/python3.9/site-packages/gunicorn/workers/ggevent.py", line 162, in init_process
    super().init_process()
  File "/Users/dmarkant/opt/anaconda3/envs/psiturk3/lib/python3.9/site-packages/gunicorn/workers/base.py", line 119, in init_process
    self.load_wsgi()
  File "/Users/dmarkant/opt/anaconda3/envs/psiturk3/lib/python3.9/site-packages/gunicorn/workers/base.py", line 144, in load_wsgi
    self.wsgi = self.app.wsgi()
  File "/Users/dmarkant/opt/anaconda3/envs/psiturk3/lib/python3.9/site-packages/gunicorn/app/base.py", line 67, in wsgi
    self.callable = self.load()
  File "/Users/dmarkant/opt/anaconda3/envs/psiturk3/lib/python3.9/site-packages/psiturk/experiment_server.py", line 64, in load
    return util.import_app("psiturk.experiment:app")
  File "/Users/dmarkant/opt/anaconda3/envs/psiturk3/lib/python3.9/site-packages/gunicorn/util.py", line 358, in import_app
    mod = importlib.import_module(module)
  File "/Users/dmarkant/opt/anaconda3/envs/psiturk3/lib/python3.9/importlib/__init__.py", line 127, in import_module
    return _bootstrap._gcd_import(name[level:], package, level)
  File "<frozen importlib._bootstrap>", line 1030, in _gcd_import
  File "<frozen importlib._bootstrap>", line 1007, in _find_and_load
  File "<frozen importlib._bootstrap>", line 986, in _find_and_load_unlocked
  File "<frozen importlib._bootstrap>", line 680, in _load_unlocked
  File "<frozen importlib._bootstrap_external>", line 790, in exec_module
  File "<frozen importlib._bootstrap>", line 228, in _call_with_frames_removed
  File "/Users/dmarkant/opt/anaconda3/envs/psiturk3/lib/python3.9/site-packages/psiturk/experiment.py", line 81, in <module>
    check_templates_exist()
  File "/Users/dmarkant/opt/anaconda3/envs/psiturk3/lib/python3.9/site-packages/psiturk/experiment.py", line 74, in check_templates_exist
    raise RuntimeError((
RuntimeError: Missing one of the following templates: thanks-mturksubmit.html, closepopup.html.Copy these over from a freshly-created psiturk example experiment.('TemplateNotFound', 'thanks-mturksubmit.html')
[2021-04-22 22:48:20 -0400] [44873] [ERROR] Exception in worker process
Traceback (most recent call last):
  File "/Users/dmarkant/opt/anaconda3/envs/psiturk3/lib/python3.9/site-packages/psiturk/experiment.py", line 72, in check_templates_exist
    [app.jinja_env.get_template(try_this) for try_this in try_these]
  File "/Users/dmarkant/opt/anaconda3/envs/psiturk3/lib/python3.9/site-packages/psiturk/experiment.py", line 72, in <listcomp>
    [app.jinja_env.get_template(try_this) for try_this in try_these]
  File "/Users/dmarkant/opt/anaconda3/envs/psiturk3/lib/python3.9/site-packages/jinja2/environment.py", line 883, in get_template
    return self._load_template(name, self.make_globals(globals))
  File "/Users/dmarkant/opt/anaconda3/envs/psiturk3/lib/python3.9/site-packages/jinja2/environment.py", line 857, in _load_template
    template = self.loader.load(self, name, globals)
  File "/Users/dmarkant/opt/anaconda3/envs/psiturk3/lib/python3.9/site-packages/jinja2/loaders.py", line 115, in load
    source, filename, uptodate = self.get_source(environment, name)
  File "/Users/dmarkant/opt/anaconda3/envs/psiturk3/lib/python3.9/site-packages/flask/templating.py", line 60, in get_source
    return self._get_source_fast(environment, template)
  File "/Users/dmarkant/opt/anaconda3/envs/psiturk3/lib/python3.9/site-packages/flask/templating.py", line 89, in _get_source_fast
    raise TemplateNotFound(template)
jinja2.exceptions.TemplateNotFound: thanks-mturksubmit.html

During handling of the above exception, another exception occurred:

Traceback (most recent call last):
  File "/Users/dmarkant/opt/anaconda3/envs/psiturk3/lib/python3.9/site-packages/gunicorn/arbiter.py", line 583, in spawn_worker
    worker.init_process()
  File "/Users/dmarkant/opt/anaconda3/envs/psiturk3/lib/python3.9/site-packages/gunicorn/workers/ggevent.py", line 162, in init_process
    super().init_process()
  File "/Users/dmarkant/opt/anaconda3/envs/psiturk3/lib/python3.9/site-packages/gunicorn/workers/base.py", line 119, in init_process
    self.load_wsgi()
  File "/Users/dmarkant/opt/anaconda3/envs/psiturk3/lib/python3.9/site-packages/gunicorn/workers/base.py", line 144, in load_wsgi
    self.wsgi = self.app.wsgi()
  File "/Users/dmarkant/opt/anaconda3/envs/psiturk3/lib/python3.9/site-packages/gunicorn/app/base.py", line 67, in wsgi
    self.callable = self.load()
  File "/Users/dmarkant/opt/anaconda3/envs/psiturk3/lib/python3.9/site-packages/psiturk/experiment_server.py", line 64, in load
    return util.import_app("psiturk.experiment:app")
  File "/Users/dmarkant/opt/anaconda3/envs/psiturk3/lib/python3.9/site-packages/gunicorn/util.py", line 358, in import_app
    mod = importlib.import_module(module)
  File "/Users/dmarkant/opt/anaconda3/envs/psiturk3/lib/python3.9/importlib/__init__.py", line 127, in import_module
    return _bootstrap._gcd_import(name[level:], package, level)
  File "<frozen importlib._bootstrap>", line 1030, in _gcd_import
  File "<frozen importlib._bootstrap>", line 1007, in _find_and_load
  File "<frozen importlib._bootstrap>", line 986, in _find_and_load_unlocked
  File "<frozen importlib._bootstrap>", line 680, in _load_unlocked
  File "<frozen importlib._bootstrap_external>", line 790, in exec_module
  File "<frozen importlib._bootstrap>", line 228, in _call_with_frames_removed
  File "/Users/dmarkant/opt/anaconda3/envs/psiturk3/lib/python3.9/site-packages/psiturk/experiment.py", line 81, in <module>
    check_templates_exist()
  File "/Users/dmarkant/opt/anaconda3/envs/psiturk3/lib/python3.9/site-packages/psiturk/experiment.py", line 74, in check_templates_exist
    raise RuntimeError((
RuntimeError: Missing one of the following templates: thanks-mturksubmit.html, closepopup.html.Copy these over from a freshly-created psiturk example experiment.('TemplateNotFound', 'thanks-mturksubmit.html')
[2021-04-22 22:48:20 -0400] [44875] [ERROR] Exception in worker process
Traceback (most recent call last):
  File "/Users/dmarkant/opt/anaconda3/envs/psiturk3/lib/python3.9/site-packages/psiturk/experiment.py", line 72, in check_templates_exist
    [app.jinja_env.get_template(try_this) for try_this in try_these]
  File "/Users/dmarkant/opt/anaconda3/envs/psiturk3/lib/python3.9/site-packages/psiturk/experiment.py", line 72, in <listcomp>
    [app.jinja_env.get_template(try_this) for try_this in try_these]
  File "/Users/dmarkant/opt/anaconda3/envs/psiturk3/lib/python3.9/site-packages/jinja2/environment.py", line 883, in get_template
    return self._load_template(name, self.make_globals(globals))
  File "/Users/dmarkant/opt/anaconda3/envs/psiturk3/lib/python3.9/site-packages/jinja2/environment.py", line 857, in _load_template
    template = self.loader.load(self, name, globals)
  File "/Users/dmarkant/opt/anaconda3/envs/psiturk3/lib/python3.9/site-packages/jinja2/loaders.py", line 115, in load
    source, filename, uptodate = self.get_source(environment, name)
  File "/Users/dmarkant/opt/anaconda3/envs/psiturk3/lib/python3.9/site-packages/flask/templating.py", line 60, in get_source
    return self._get_source_fast(environment, template)
  File "/Users/dmarkant/opt/anaconda3/envs/psiturk3/lib/python3.9/site-packages/flask/templating.py", line 89, in _get_source_fast
    raise TemplateNotFound(template)
jinja2.exceptions.TemplateNotFound: thanks-mturksubmit.html

During handling of the above exception, another exception occurred:

Traceback (most recent call last):
  File "/Users/dmarkant/opt/anaconda3/envs/psiturk3/lib/python3.9/site-packages/gunicorn/arbiter.py", line 583, in spawn_worker
    worker.init_process()
  File "/Users/dmarkant/opt/anaconda3/envs/psiturk3/lib/python3.9/site-packages/gunicorn/workers/ggevent.py", line 162, in init_process
    super().init_process()
  File "/Users/dmarkant/opt/anaconda3/envs/psiturk3/lib/python3.9/site-packages/gunicorn/workers/base.py", line 119, in init_process
    self.load_wsgi()
  File "/Users/dmarkant/opt/anaconda3/envs/psiturk3/lib/python3.9/site-packages/gunicorn/workers/base.py", line 144, in load_wsgi
    self.wsgi = self.app.wsgi()
  File "/Users/dmarkant/opt/anaconda3/envs/psiturk3/lib/python3.9/site-packages/gunicorn/app/base.py", line 67, in wsgi
    self.callable = self.load()
  File "/Users/dmarkant/opt/anaconda3/envs/psiturk3/lib/python3.9/site-packages/psiturk/experiment_server.py", line 64, in load
    return util.import_app("psiturk.experiment:app")
  File "/Users/dmarkant/opt/anaconda3/envs/psiturk3/lib/python3.9/site-packages/gunicorn/util.py", line 358, in import_app
    mod = importlib.import_module(module)
  File "/Users/dmarkant/opt/anaconda3/envs/psiturk3/lib/python3.9/importlib/__init__.py", line 127, in import_module
    return _bootstrap._gcd_import(name[level:], package, level)
  File "<frozen importlib._bootstrap>", line 1030, in _gcd_import
  File "<frozen importlib._bootstrap>", line 1007, in _find_and_load
  File "<frozen importlib._bootstrap>", line 986, in _find_and_load_unlocked
  File "<frozen importlib._bootstrap>", line 680, in _load_unlocked
  File "<frozen importlib._bootstrap_external>", line 790, in exec_module
  File "<frozen importlib._bootstrap>", line 228, in _call_with_frames_removed
  File "/Users/dmarkant/opt/anaconda3/envs/psiturk3/lib/python3.9/site-packages/psiturk/experiment.py", line 81, in <module>
    check_templates_exist()
  File "/Users/dmarkant/opt/anaconda3/envs/psiturk3/lib/python3.9/site-packages/psiturk/experiment.py", line 74, in check_templates_exist
    raise RuntimeError((
RuntimeError: Missing one of the following templates: thanks-mturksubmit.html, closepopup.html.Copy these over from a freshly-created psiturk example experiment.('TemplateNotFound', 'thanks-mturksubmit.html')
[2021-04-22 22:48:21 -0400] [44876] [ERROR] Exception in worker process
Traceback (most recent call last):
  File "/Users/dmarkant/opt/anaconda3/envs/psiturk3/lib/python3.9/site-packages/psiturk/experiment.py", line 72, in check_templates_exist
    [app.jinja_env.get_template(try_this) for try_this in try_these]
  File "/Users/dmarkant/opt/anaconda3/envs/psiturk3/lib/python3.9/site-packages/psiturk/experiment.py", line 72, in <listcomp>
    [app.jinja_env.get_template(try_this) for try_this in try_these]
  File "/Users/dmarkant/opt/anaconda3/envs/psiturk3/lib/python3.9/site-packages/jinja2/environment.py", line 883, in get_template
    return self._load_template(name, self.make_globals(globals))
  File "/Users/dmarkant/opt/anaconda3/envs/psiturk3/lib/python3.9/site-packages/jinja2/environment.py", line 857, in _load_template
    template = self.loader.load(self, name, globals)
  File "/Users/dmarkant/opt/anaconda3/envs/psiturk3/lib/python3.9/site-packages/jinja2/loaders.py", line 115, in load
    source, filename, uptodate = self.get_source(environment, name)
  File "/Users/dmarkant/opt/anaconda3/envs/psiturk3/lib/python3.9/site-packages/flask/templating.py", line 60, in get_source
    return self._get_source_fast(environment, template)
  File "/Users/dmarkant/opt/anaconda3/envs/psiturk3/lib/python3.9/site-packages/flask/templating.py", line 89, in _get_source_fast
    raise TemplateNotFound(template)
jinja2.exceptions.TemplateNotFound: thanks-mturksubmit.html

During handling of the above exception, another exception occurred:

Traceback (most recent call last):
  File "/Users/dmarkant/opt/anaconda3/envs/psiturk3/lib/python3.9/site-packages/gunicorn/arbiter.py", line 583, in spawn_worker
    worker.init_process()
  File "/Users/dmarkant/opt/anaconda3/envs/psiturk3/lib/python3.9/site-packages/gunicorn/workers/ggevent.py", line 162, in init_process
    super().init_process()
  File "/Users/dmarkant/opt/anaconda3/envs/psiturk3/lib/python3.9/site-packages/gunicorn/workers/base.py", line 119, in init_process
    self.load_wsgi()
  File "/Users/dmarkant/opt/anaconda3/envs/psiturk3/lib/python3.9/site-packages/gunicorn/workers/base.py", line 144, in load_wsgi
    self.wsgi = self.app.wsgi()
  File "/Users/dmarkant/opt/anaconda3/envs/psiturk3/lib/python3.9/site-packages/gunicorn/app/base.py", line 67, in wsgi
    self.callable = self.load()
  File "/Users/dmarkant/opt/anaconda3/envs/psiturk3/lib/python3.9/site-packages/psiturk/experiment_server.py", line 64, in load
    return util.import_app("psiturk.experiment:app")
  File "/Users/dmarkant/opt/anaconda3/envs/psiturk3/lib/python3.9/site-packages/gunicorn/util.py", line 358, in import_app
    mod = importlib.import_module(module)
  File "/Users/dmarkant/opt/anaconda3/envs/psiturk3/lib/python3.9/importlib/__init__.py", line 127, in import_module
    return _bootstrap._gcd_import(name[level:], package, level)
  File "<frozen importlib._bootstrap>", line 1030, in _gcd_import
  File "<frozen importlib._bootstrap>", line 1007, in _find_and_load
  File "<frozen importlib._bootstrap>", line 986, in _find_and_load_unlocked
  File "<frozen importlib._bootstrap>", line 680, in _load_unlocked
  File "<frozen importlib._bootstrap_external>", line 790, in exec_module
  File "<frozen importlib._bootstrap>", line 228, in _call_with_frames_removed
  File "/Users/dmarkant/opt/anaconda3/envs/psiturk3/lib/python3.9/site-packages/psiturk/experiment.py", line 81, in <module>
    check_templates_exist()
  File "/Users/dmarkant/opt/anaconda3/envs/psiturk3/lib/python3.9/site-packages/psiturk/experiment.py", line 74, in check_templates_exist
    raise RuntimeError((
RuntimeError: Missing one of the following templates: thanks-mturksubmit.html, closepopup.html.Copy these over from a freshly-created psiturk example experiment.('TemplateNotFound', 'thanks-mturksubmit.html')
[2021-04-22 22:48:21 -0400] [44878] [ERROR] Exception in worker process
Traceback (most recent call last):
  File "/Users/dmarkant/opt/anaconda3/envs/psiturk3/lib/python3.9/site-packages/psiturk/experiment.py", line 72, in check_templates_exist
    [app.jinja_env.get_template(try_this) for try_this in try_these]
  File "/Users/dmarkant/opt/anaconda3/envs/psiturk3/lib/python3.9/site-packages/psiturk/experiment.py", line 72, in <listcomp>
    [app.jinja_env.get_template(try_this) for try_this in try_these]
  File "/Users/dmarkant/opt/anaconda3/envs/psiturk3/lib/python3.9/site-packages/jinja2/environment.py", line 883, in get_template
    return self._load_template(name, self.make_globals(globals))
  File "/Users/dmarkant/opt/anaconda3/envs/psiturk3/lib/python3.9/site-packages/jinja2/environment.py", line 857, in _load_template
    template = self.loader.load(self, name, globals)
  File "/Users/dmarkant/opt/anaconda3/envs/psiturk3/lib/python3.9/site-packages/jinja2/loaders.py", line 115, in load
    source, filename, uptodate = self.get_source(environment, name)
  File "/Users/dmarkant/opt/anaconda3/envs/psiturk3/lib/python3.9/site-packages/flask/templating.py", line 60, in get_source
    return self._get_source_fast(environment, template)
  File "/Users/dmarkant/opt/anaconda3/envs/psiturk3/lib/python3.9/site-packages/flask/templating.py", line 89, in _get_source_fast
    raise TemplateNotFound(template)
jinja2.exceptions.TemplateNotFound: thanks-mturksubmit.html

During handling of the above exception, another exception occurred:

Traceback (most recent call last):
  File "/Users/dmarkant/opt/anaconda3/envs/psiturk3/lib/python3.9/site-packages/gunicorn/arbiter.py", line 583, in spawn_worker
    worker.init_process()
  File "/Users/dmarkant/opt/anaconda3/envs/psiturk3/lib/python3.9/site-packages/gunicorn/workers/ggevent.py", line 162, in init_process
    super().init_process()
  File "/Users/dmarkant/opt/anaconda3/envs/psiturk3/lib/python3.9/site-packages/gunicorn/workers/base.py", line 119, in init_process
    self.load_wsgi()
  File "/Users/dmarkant/opt/anaconda3/envs/psiturk3/lib/python3.9/site-packages/gunicorn/workers/base.py", line 144, in load_wsgi
    self.wsgi = self.app.wsgi()
  File "/Users/dmarkant/opt/anaconda3/envs/psiturk3/lib/python3.9/site-packages/gunicorn/app/base.py", line 67, in wsgi
    self.callable = self.load()
  File "/Users/dmarkant/opt/anaconda3/envs/psiturk3/lib/python3.9/site-packages/psiturk/experiment_server.py", line 64, in load
    return util.import_app("psiturk.experiment:app")
  File "/Users/dmarkant/opt/anaconda3/envs/psiturk3/lib/python3.9/site-packages/gunicorn/util.py", line 358, in import_app
    mod = importlib.import_module(module)
  File "/Users/dmarkant/opt/anaconda3/envs/psiturk3/lib/python3.9/importlib/__init__.py", line 127, in import_module
    return _bootstrap._gcd_import(name[level:], package, level)
  File "<frozen importlib._bootstrap>", line 1030, in _gcd_import
  File "<frozen importlib._bootstrap>", line 1007, in _find_and_load
  File "<frozen importlib._bootstrap>", line 986, in _find_and_load_unlocked
  File "<frozen importlib._bootstrap>", line 680, in _load_unlocked
  File "<frozen importlib._bootstrap_external>", line 790, in exec_module
  File "<frozen importlib._bootstrap>", line 228, in _call_with_frames_removed
  File "/Users/dmarkant/opt/anaconda3/envs/psiturk3/lib/python3.9/site-packages/psiturk/experiment.py", line 81, in <module>
    check_templates_exist()
  File "/Users/dmarkant/opt/anaconda3/envs/psiturk3/lib/python3.9/site-packages/psiturk/experiment.py", line 74, in check_templates_exist
    raise RuntimeError((
RuntimeError: Missing one of the following templates: thanks-mturksubmit.html, closepopup.html.Copy these over from a freshly-created psiturk example experiment.('TemplateNotFound', 'thanks-mturksubmit.html')
[2021-04-22 22:48:21 -0400] [44877] [ERROR] Exception in worker process
Traceback (most recent call last):
  File "/Users/dmarkant/opt/anaconda3/envs/psiturk3/lib/python3.9/site-packages/psiturk/experiment.py", line 72, in check_templates_exist
    [app.jinja_env.get_template(try_this) for try_this in try_these]
  File "/Users/dmarkant/opt/anaconda3/envs/psiturk3/lib/python3.9/site-packages/psiturk/experiment.py", line 72, in <listcomp>
    [app.jinja_env.get_template(try_this) for try_this in try_these]
  File "/Users/dmarkant/opt/anaconda3/envs/psiturk3/lib/python3.9/site-packages/jinja2/environment.py", line 883, in get_template
    return self._load_template(name, self.make_globals(globals))
  File "/Users/dmarkant/opt/anaconda3/envs/psiturk3/lib/python3.9/site-packages/jinja2/environment.py", line 857, in _load_template
    template = self.loader.load(self, name, globals)
  File "/Users/dmarkant/opt/anaconda3/envs/psiturk3/lib/python3.9/site-packages/jinja2/loaders.py", line 115, in load
    source, filename, uptodate = self.get_source(environment, name)
  File "/Users/dmarkant/opt/anaconda3/envs/psiturk3/lib/python3.9/site-packages/flask/templating.py", line 60, in get_source
    return self._get_source_fast(environment, template)
  File "/Users/dmarkant/opt/anaconda3/envs/psiturk3/lib/python3.9/site-packages/flask/templating.py", line 89, in _get_source_fast
    raise TemplateNotFound(template)
jinja2.exceptions.TemplateNotFound: thanks-mturksubmit.html

During handling of the above exception, another exception occurred:

Traceback (most recent call last):
  File "/Users/dmarkant/opt/anaconda3/envs/psiturk3/lib/python3.9/site-packages/gunicorn/arbiter.py", line 583, in spawn_worker
    worker.init_process()
  File "/Users/dmarkant/opt/anaconda3/envs/psiturk3/lib/python3.9/site-packages/gunicorn/workers/ggevent.py", line 162, in init_process
    super().init_process()
  File "/Users/dmarkant/opt/anaconda3/envs/psiturk3/lib/python3.9/site-packages/gunicorn/workers/base.py", line 119, in init_process
    self.load_wsgi()
  File "/Users/dmarkant/opt/anaconda3/envs/psiturk3/lib/python3.9/site-packages/gunicorn/workers/base.py", line 144, in load_wsgi
    self.wsgi = self.app.wsgi()
  File "/Users/dmarkant/opt/anaconda3/envs/psiturk3/lib/python3.9/site-packages/gunicorn/app/base.py", line 67, in wsgi
    self.callable = self.load()
  File "/Users/dmarkant/opt/anaconda3/envs/psiturk3/lib/python3.9/site-packages/psiturk/experiment_server.py", line 64, in load
    return util.import_app("psiturk.experiment:app")
  File "/Users/dmarkant/opt/anaconda3/envs/psiturk3/lib/python3.9/site-packages/gunicorn/util.py", line 358, in import_app
    mod = importlib.import_module(module)
  File "/Users/dmarkant/opt/anaconda3/envs/psiturk3/lib/python3.9/importlib/__init__.py", line 127, in import_module
    return _bootstrap._gcd_import(name[level:], package, level)
  File "<frozen importlib._bootstrap>", line 1030, in _gcd_import
  File "<frozen importlib._bootstrap>", line 1007, in _find_and_load
  File "<frozen importlib._bootstrap>", line 986, in _find_and_load_unlocked
  File "<frozen importlib._bootstrap>", line 680, in _load_unlocked
  File "<frozen importlib._bootstrap_external>", line 790, in exec_module
  File "<frozen importlib._bootstrap>", line 228, in _call_with_frames_removed
  File "/Users/dmarkant/opt/anaconda3/envs/psiturk3/lib/python3.9/site-packages/psiturk/experiment.py", line 81, in <module>
    check_templates_exist()
  File "/Users/dmarkant/opt/anaconda3/envs/psiturk3/lib/python3.9/site-packages/psiturk/experiment.py", line 74, in check_templates_exist
    raise RuntimeError((
RuntimeError: Missing one of the following templates: thanks-mturksubmit.html, closepopup.html.Copy these over from a freshly-created psiturk example experiment.('TemplateNotFound', 'thanks-mturksubmit.html')
[2021-04-22 22:48:21 -0400] [44880] [ERROR] Exception in worker process
Traceback (most recent call last):
  File "/Users/dmarkant/opt/anaconda3/envs/psiturk3/lib/python3.9/site-packages/psiturk/experiment.py", line 72, in check_templates_exist
    [app.jinja_env.get_template(try_this) for try_this in try_these]
  File "/Users/dmarkant/opt/anaconda3/envs/psiturk3/lib/python3.9/site-packages/psiturk/experiment.py", line 72, in <listcomp>
    [app.jinja_env.get_template(try_this) for try_this in try_these]
  File "/Users/dmarkant/opt/anaconda3/envs/psiturk3/lib/python3.9/site-packages/jinja2/environment.py", line 883, in get_template
    return self._load_template(name, self.make_globals(globals))
  File "/Users/dmarkant/opt/anaconda3/envs/psiturk3/lib/python3.9/site-packages/jinja2/environment.py", line 857, in _load_template
    template = self.loader.load(self, name, globals)
  File "/Users/dmarkant/opt/anaconda3/envs/psiturk3/lib/python3.9/site-packages/jinja2/loaders.py", line 115, in load
    source, filename, uptodate = self.get_source(environment, name)
  File "/Users/dmarkant/opt/anaconda3/envs/psiturk3/lib/python3.9/site-packages/flask/templating.py", line 60, in get_source
    return self._get_source_fast(environment, template)
  File "/Users/dmarkant/opt/anaconda3/envs/psiturk3/lib/python3.9/site-packages/flask/templating.py", line 89, in _get_source_fast
    raise TemplateNotFound(template)
jinja2.exceptions.TemplateNotFound: thanks-mturksubmit.html

During handling of the above exception, another exception occurred:

Traceback (most recent call last):
  File "/Users/dmarkant/opt/anaconda3/envs/psiturk3/lib/python3.9/site-packages/gunicorn/arbiter.py", line 583, in spawn_worker
    worker.init_process()
  File "/Users/dmarkant/opt/anaconda3/envs/psiturk3/lib/python3.9/site-packages/gunicorn/workers/ggevent.py", line 162, in init_process
    super().init_process()
  File "/Users/dmarkant/opt/anaconda3/envs/psiturk3/lib/python3.9/site-packages/gunicorn/workers/base.py", line 119, in init_process
    self.load_wsgi()
  File "/Users/dmarkant/opt/anaconda3/envs/psiturk3/lib/python3.9/site-packages/gunicorn/workers/base.py", line 144, in load_wsgi
    self.wsgi = self.app.wsgi()
  File "/Users/dmarkant/opt/anaconda3/envs/psiturk3/lib/python3.9/site-packages/gunicorn/app/base.py", line 67, in wsgi
    self.callable = self.load()
  File "/Users/dmarkant/opt/anaconda3/envs/psiturk3/lib/python3.9/site-packages/psiturk/experiment_server.py", line 64, in load
    return util.import_app("psiturk.experiment:app")
  File "/Users/dmarkant/opt/anaconda3/envs/psiturk3/lib/python3.9/site-packages/gunicorn/util.py", line 358, in import_app
    mod = importlib.import_module(module)
  File "/Users/dmarkant/opt/anaconda3/envs/psiturk3/lib/python3.9/importlib/__init__.py", line 127, in import_module
    return _bootstrap._gcd_import(name[level:], package, level)
  File "<frozen importlib._bootstrap>", line 1030, in _gcd_import
  File "<frozen importlib._bootstrap>", line 1007, in _find_and_load
  File "<frozen importlib._bootstrap>", line 986, in _find_and_load_unlocked
  File "<frozen importlib._bootstrap>", line 680, in _load_unlocked
  File "<frozen importlib._bootstrap_external>", line 790, in exec_module
  File "<frozen importlib._bootstrap>", line 228, in _call_with_frames_removed
  File "/Users/dmarkant/opt/anaconda3/envs/psiturk3/lib/python3.9/site-packages/psiturk/experiment.py", line 81, in <module>
    check_templates_exist()
  File "/Users/dmarkant/opt/anaconda3/envs/psiturk3/lib/python3.9/site-packages/psiturk/experiment.py", line 74, in check_templates_exist
    raise RuntimeError((
RuntimeError: Missing one of the following templates: thanks-mturksubmit.html, closepopup.html.Copy these over from a freshly-created psiturk example experiment.('TemplateNotFound', 'thanks-mturksubmit.html')
[2021-04-22 22:48:21 -0400] [44881] [ERROR] Exception in worker process
Traceback (most recent call last):
  File "/Users/dmarkant/opt/anaconda3/envs/psiturk3/lib/python3.9/site-packages/psiturk/experiment.py", line 72, in check_templates_exist
    [app.jinja_env.get_template(try_this) for try_this in try_these]
  File "/Users/dmarkant/opt/anaconda3/envs/psiturk3/lib/python3.9/site-packages/psiturk/experiment.py", line 72, in <listcomp>
    [app.jinja_env.get_template(try_this) for try_this in try_these]
  File "/Users/dmarkant/opt/anaconda3/envs/psiturk3/lib/python3.9/site-packages/jinja2/environment.py", line 883, in get_template
    return self._load_template(name, self.make_globals(globals))
  File "/Users/dmarkant/opt/anaconda3/envs/psiturk3/lib/python3.9/site-packages/jinja2/environment.py", line 857, in _load_template
    template = self.loader.load(self, name, globals)
  File "/Users/dmarkant/opt/anaconda3/envs/psiturk3/lib/python3.9/site-packages/jinja2/loaders.py", line 115, in load
    source, filename, uptodate = self.get_source(environment, name)
  File "/Users/dmarkant/opt/anaconda3/envs/psiturk3/lib/python3.9/site-packages/flask/templating.py", line 60, in get_source
    return self._get_source_fast(environment, template)
  File "/Users/dmarkant/opt/anaconda3/envs/psiturk3/lib/python3.9/site-packages/flask/templating.py", line 89, in _get_source_fast
    raise TemplateNotFound(template)
jinja2.exceptions.TemplateNotFound: thanks-mturksubmit.html

During handling of the above exception, another exception occurred:

Traceback (most recent call last):
  File "/Users/dmarkant/opt/anaconda3/envs/psiturk3/lib/python3.9/site-packages/gunicorn/arbiter.py", line 583, in spawn_worker
    worker.init_process()
  File "/Users/dmarkant/opt/anaconda3/envs/psiturk3/lib/python3.9/site-packages/gunicorn/workers/ggevent.py", line 162, in init_process
    super().init_process()
  File "/Users/dmarkant/opt/anaconda3/envs/psiturk3/lib/python3.9/site-packages/gunicorn/workers/base.py", line 119, in init_process
    self.load_wsgi()
  File "/Users/dmarkant/opt/anaconda3/envs/psiturk3/lib/python3.9/site-packages/gunicorn/workers/base.py", line 144, in load_wsgi
    self.wsgi = self.app.wsgi()
  File "/Users/dmarkant/opt/anaconda3/envs/psiturk3/lib/python3.9/site-packages/gunicorn/app/base.py", line 67, in wsgi
    self.callable = self.load()
  File "/Users/dmarkant/opt/anaconda3/envs/psiturk3/lib/python3.9/site-packages/psiturk/experiment_server.py", line 64, in load
    return util.import_app("psiturk.experiment:app")
  File "/Users/dmarkant/opt/anaconda3/envs/psiturk3/lib/python3.9/site-packages/gunicorn/util.py", line 358, in import_app
    mod = importlib.import_module(module)
  File "/Users/dmarkant/opt/anaconda3/envs/psiturk3/lib/python3.9/importlib/__init__.py", line 127, in import_module
    return _bootstrap._gcd_import(name[level:], package, level)
  File "<frozen importlib._bootstrap>", line 1030, in _gcd_import
  File "<frozen importlib._bootstrap>", line 1007, in _find_and_load
  File "<frozen importlib._bootstrap>", line 986, in _find_and_load_unlocked
  File "<frozen importlib._bootstrap>", line 680, in _load_unlocked
  File "<frozen importlib._bootstrap_external>", line 790, in exec_module
  File "<frozen importlib._bootstrap>", line 228, in _call_with_frames_removed
  File "/Users/dmarkant/opt/anaconda3/envs/psiturk3/lib/python3.9/site-packages/psiturk/experiment.py", line 81, in <module>
    check_templates_exist()
  File "/Users/dmarkant/opt/anaconda3/envs/psiturk3/lib/python3.9/site-packages/psiturk/experiment.py", line 74, in check_templates_exist
    raise RuntimeError((
RuntimeError: Missing one of the following templates: thanks-mturksubmit.html, closepopup.html.Copy these over from a freshly-created psiturk example experiment.('TemplateNotFound', 'thanks-mturksubmit.html')
[2021-04-22 22:48:48 -0400] [44870] [CRITICAL] WORKER TIMEOUT (pid:44871)
[2021-04-22 22:48:49 -0400] [44870] [CRITICAL] WORKER TIMEOUT (pid:44872)
[2021-04-22 22:48:49 -0400] [44870] [CRITICAL] WORKER TIMEOUT (pid:44873)
[2021-04-22 22:48:49 -0400] [44870] [CRITICAL] WORKER TIMEOUT (pid:44875)
[2021-04-22 22:48:49 -0400] [44870] [CRITICAL] WORKER TIMEOUT (pid:44876)
[2021-04-22 22:48:49 -0400] [44870] [CRITICAL] WORKER TIMEOUT (pid:44877)
[2021-04-22 22:48:49 -0400] [44870] [CRITICAL] WORKER TIMEOUT (pid:44878)
[2021-04-22 22:48:49 -0400] [44870] [CRITICAL] WORKER TIMEOUT (pid:44880)
[2021-04-22 22:48:49 -0400] [44870] [CRITICAL] WORKER TIMEOUT (pid:44881)
[2021-04-22 22:48:51 -0400] [45026] [ERROR] Exception in worker process
Traceback (most recent call last):
  File "/Users/dmarkant/opt/anaconda3/envs/psiturk3/lib/python3.9/site-packages/psiturk/experiment.py", line 72, in check_templates_exist
    [app.jinja_env.get_template(try_this) for try_this in try_these]
  File "/Users/dmarkant/opt/anaconda3/envs/psiturk3/lib/python3.9/site-packages/psiturk/experiment.py", line 72, in <listcomp>
    [app.jinja_env.get_template(try_this) for try_this in try_these]
  File "/Users/dmarkant/opt/anaconda3/envs/psiturk3/lib/python3.9/site-packages/jinja2/environment.py", line 883, in get_template
    return self._load_template(name, self.make_globals(globals))
  File "/Users/dmarkant/opt/anaconda3/envs/psiturk3/lib/python3.9/site-packages/jinja2/environment.py", line 857, in _load_template
    template = self.loader.load(self, name, globals)
  File "/Users/dmarkant/opt/anaconda3/envs/psiturk3/lib/python3.9/site-packages/jinja2/loaders.py", line 115, in load
    source, filename, uptodate = self.get_source(environment, name)
  File "/Users/dmarkant/opt/anaconda3/envs/psiturk3/lib/python3.9/site-packages/flask/templating.py", line 60, in get_source
    return self._get_source_fast(environment, template)
  File "/Users/dmarkant/opt/anaconda3/envs/psiturk3/lib/python3.9/site-packages/flask/templating.py", line 89, in _get_source_fast
    raise TemplateNotFound(template)
jinja2.exceptions.TemplateNotFound: thanks-mturksubmit.html

During handling of the above exception, another exception occurred:

Traceback (most recent call last):
  File "/Users/dmarkant/opt/anaconda3/envs/psiturk3/lib/python3.9/site-packages/gunicorn/arbiter.py", line 583, in spawn_worker
    worker.init_process()
  File "/Users/dmarkant/opt/anaconda3/envs/psiturk3/lib/python3.9/site-packages/gunicorn/workers/ggevent.py", line 162, in init_process
    super().init_process()
  File "/Users/dmarkant/opt/anaconda3/envs/psiturk3/lib/python3.9/site-packages/gunicorn/workers/base.py", line 119, in init_process
    self.load_wsgi()
  File "/Users/dmarkant/opt/anaconda3/envs/psiturk3/lib/python3.9/site-packages/gunicorn/workers/base.py", line 144, in load_wsgi
    self.wsgi = self.app.wsgi()
  File "/Users/dmarkant/opt/anaconda3/envs/psiturk3/lib/python3.9/site-packages/gunicorn/app/base.py", line 67, in wsgi
    self.callable = self.load()
  File "/Users/dmarkant/opt/anaconda3/envs/psiturk3/lib/python3.9/site-packages/psiturk/experiment_server.py", line 64, in load
    return util.import_app("psiturk.experiment:app")
  File "/Users/dmarkant/opt/anaconda3/envs/psiturk3/lib/python3.9/site-packages/gunicorn/util.py", line 358, in import_app
    mod = importlib.import_module(module)
  File "/Users/dmarkant/opt/anaconda3/envs/psiturk3/lib/python3.9/importlib/__init__.py", line 127, in import_module
    return _bootstrap._gcd_import(name[level:], package, level)
  File "<frozen importlib._bootstrap>", line 1030, in _gcd_import
  File "<frozen importlib._bootstrap>", line 1007, in _find_and_load
  File "<frozen importlib._bootstrap>", line 986, in _find_and_load_unlocked
  File "<frozen importlib._bootstrap>", line 680, in _load_unlocked
  File "<frozen importlib._bootstrap_external>", line 790, in exec_module
  File "<frozen importlib._bootstrap>", line 228, in _call_with_frames_removed
  File "/Users/dmarkant/opt/anaconda3/envs/psiturk3/lib/python3.9/site-packages/psiturk/experiment.py", line 81, in <module>
    check_templates_exist()
  File "/Users/dmarkant/opt/anaconda3/envs/psiturk3/lib/python3.9/site-packages/psiturk/experiment.py", line 74, in check_templates_exist
    raise RuntimeError((
RuntimeError: Missing one of the following templates: thanks-mturksubmit.html, closepopup.html.Copy these over from a freshly-created psiturk example experiment.('TemplateNotFound', 'thanks-mturksubmit.html')
[2021-04-22 22:48:51 -0400] [45027] [ERROR] Exception in worker process
Traceback (most recent call last):
  File "/Users/dmarkant/opt/anaconda3/envs/psiturk3/lib/python3.9/site-packages/psiturk/experiment.py", line 72, in check_templates_exist
    [app.jinja_env.get_template(try_this) for try_this in try_these]
  File "/Users/dmarkant/opt/anaconda3/envs/psiturk3/lib/python3.9/site-packages/psiturk/experiment.py", line 72, in <listcomp>
    [app.jinja_env.get_template(try_this) for try_this in try_these]
  File "/Users/dmarkant/opt/anaconda3/envs/psiturk3/lib/python3.9/site-packages/jinja2/environment.py", line 883, in get_template
    return self._load_template(name, self.make_globals(globals))
  File "/Users/dmarkant/opt/anaconda3/envs/psiturk3/lib/python3.9/site-packages/jinja2/environment.py", line 857, in _load_template
    template = self.loader.load(self, name, globals)
  File "/Users/dmarkant/opt/anaconda3/envs/psiturk3/lib/python3.9/site-packages/jinja2/loaders.py", line 115, in load
    source, filename, uptodate = self.get_source(environment, name)
  File "/Users/dmarkant/opt/anaconda3/envs/psiturk3/lib/python3.9/site-packages/flask/templating.py", line 60, in get_source
    return self._get_source_fast(environment, template)
  File "/Users/dmarkant/opt/anaconda3/envs/psiturk3/lib/python3.9/site-packages/flask/templating.py", line 89, in _get_source_fast
    raise TemplateNotFound(template)
jinja2.exceptions.TemplateNotFound: thanks-mturksubmit.html

During handling of the above exception, another exception occurred:

Traceback (most recent call last):
  File "/Users/dmarkant/opt/anaconda3/envs/psiturk3/lib/python3.9/site-packages/gunicorn/arbiter.py", line 583, in spawn_worker
    worker.init_process()
  File "/Users/dmarkant/opt/anaconda3/envs/psiturk3/lib/python3.9/site-packages/gunicorn/workers/ggevent.py", line 162, in init_process
    super().init_process()
  File "/Users/dmarkant/opt/anaconda3/envs/psiturk3/lib/python3.9/site-packages/gunicorn/workers/base.py", line 119, in init_process
    self.load_wsgi()
  File "/Users/dmarkant/opt/anaconda3/envs/psiturk3/lib/python3.9/site-packages/gunicorn/workers/base.py", line 144, in load_wsgi
    self.wsgi = self.app.wsgi()
  File "/Users/dmarkant/opt/anaconda3/envs/psiturk3/lib/python3.9/site-packages/gunicorn/app/base.py", line 67, in wsgi
    self.callable = self.load()
  File "/Users/dmarkant/opt/anaconda3/envs/psiturk3/lib/python3.9/site-packages/psiturk/experiment_server.py", line 64, in load
    return util.import_app("psiturk.experiment:app")
  File "/Users/dmarkant/opt/anaconda3/envs/psiturk3/lib/python3.9/site-packages/gunicorn/util.py", line 358, in import_app
    mod = importlib.import_module(module)
  File "/Users/dmarkant/opt/anaconda3/envs/psiturk3/lib/python3.9/importlib/__init__.py", line 127, in import_module
    return _bootstrap._gcd_import(name[level:], package, level)
  File "<frozen importlib._bootstrap>", line 1030, in _gcd_import
  File "<frozen importlib._bootstrap>", line 1007, in _find_and_load
  File "<frozen importlib._bootstrap>", line 986, in _find_and_load_unlocked
  File "<frozen importlib._bootstrap>", line 680, in _load_unlocked
  File "<frozen importlib._bootstrap_external>", line 790, in exec_module
  File "<frozen importlib._bootstrap>", line 228, in _call_with_frames_removed
  File "/Users/dmarkant/opt/anaconda3/envs/psiturk3/lib/python3.9/site-packages/psiturk/experiment.py", line 81, in <module>
    check_templates_exist()
  File "/Users/dmarkant/opt/anaconda3/envs/psiturk3/lib/python3.9/site-packages/psiturk/experiment.py", line 74, in check_templates_exist
    raise RuntimeError((
RuntimeError: Missing one of the following templates: thanks-mturksubmit.html, closepopup.html.Copy these over from a freshly-created psiturk example experiment.('TemplateNotFound', 'thanks-mturksubmit.html')
[2021-04-22 22:48:51 -0400] [45028] [ERROR] Exception in worker process
Traceback (most recent call last):
  File "/Users/dmarkant/opt/anaconda3/envs/psiturk3/lib/python3.9/site-packages/psiturk/experiment.py", line 72, in check_templates_exist
    [app.jinja_env.get_template(try_this) for try_this in try_these]
  File "/Users/dmarkant/opt/anaconda3/envs/psiturk3/lib/python3.9/site-packages/psiturk/experiment.py", line 72, in <listcomp>
    [app.jinja_env.get_template(try_this) for try_this in try_these]
  File "/Users/dmarkant/opt/anaconda3/envs/psiturk3/lib/python3.9/site-packages/jinja2/environment.py", line 883, in get_template
    return self._load_template(name, self.make_globals(globals))
  File "/Users/dmarkant/opt/anaconda3/envs/psiturk3/lib/python3.9/site-packages/jinja2/environment.py", line 857, in _load_template
    template = self.loader.load(self, name, globals)
  File "/Users/dmarkant/opt/anaconda3/envs/psiturk3/lib/python3.9/site-packages/jinja2/loaders.py", line 115, in load
    source, filename, uptodate = self.get_source(environment, name)
  File "/Users/dmarkant/opt/anaconda3/envs/psiturk3/lib/python3.9/site-packages/flask/templating.py", line 60, in get_source
    return self._get_source_fast(environment, template)
  File "/Users/dmarkant/opt/anaconda3/envs/psiturk3/lib/python3.9/site-packages/flask/templating.py", line 89, in _get_source_fast
    raise TemplateNotFound(template)
jinja2.exceptions.TemplateNotFound: thanks-mturksubmit.html

During handling of the above exception, another exception occurred:

Traceback (most recent call last):
  File "/Users/dmarkant/opt/anaconda3/envs/psiturk3/lib/python3.9/site-packages/gunicorn/arbiter.py", line 583, in spawn_worker
    worker.init_process()
  File "/Users/dmarkant/opt/anaconda3/envs/psiturk3/lib/python3.9/site-packages/gunicorn/workers/ggevent.py", line 162, in init_process
    super().init_process()
  File "/Users/dmarkant/opt/anaconda3/envs/psiturk3/lib/python3.9/site-packages/gunicorn/workers/base.py", line 119, in init_process
    self.load_wsgi()
  File "/Users/dmarkant/opt/anaconda3/envs/psiturk3/lib/python3.9/site-packages/gunicorn/workers/base.py", line 144, in load_wsgi
    self.wsgi = self.app.wsgi()
  File "/Users/dmarkant/opt/anaconda3/envs/psiturk3/lib/python3.9/site-packages/gunicorn/app/base.py", line 67, in wsgi
    self.callable = self.load()
  File "/Users/dmarkant/opt/anaconda3/envs/psiturk3/lib/python3.9/site-packages/psiturk/experiment_server.py", line 64, in load
    return util.import_app("psiturk.experiment:app")
  File "/Users/dmarkant/opt/anaconda3/envs/psiturk3/lib/python3.9/site-packages/gunicorn/util.py", line 358, in import_app
    mod = importlib.import_module(module)
  File "/Users/dmarkant/opt/anaconda3/envs/psiturk3/lib/python3.9/importlib/__init__.py", line 127, in import_module
    return _bootstrap._gcd_import(name[level:], package, level)
  File "<frozen importlib._bootstrap>", line 1030, in _gcd_import
  File "<frozen importlib._bootstrap>", line 1007, in _find_and_load
  File "<frozen importlib._bootstrap>", line 986, in _find_and_load_unlocked
  File "<frozen importlib._bootstrap>", line 680, in _load_unlocked
  File "<frozen importlib._bootstrap_external>", line 790, in exec_module
  File "<frozen importlib._bootstrap>", line 228, in _call_with_frames_removed
  File "/Users/dmarkant/opt/anaconda3/envs/psiturk3/lib/python3.9/site-packages/psiturk/experiment.py", line 81, in <module>
    check_templates_exist()
  File "/Users/dmarkant/opt/anaconda3/envs/psiturk3/lib/python3.9/site-packages/psiturk/experiment.py", line 74, in check_templates_exist
    raise RuntimeError((
RuntimeError: Missing one of the following templates: thanks-mturksubmit.html, closepopup.html.Copy these over from a freshly-created psiturk example experiment.('TemplateNotFound', 'thanks-mturksubmit.html')
[2021-04-22 22:48:51 -0400] [45029] [ERROR] Exception in worker process
Traceback (most recent call last):
  File "/Users/dmarkant/opt/anaconda3/envs/psiturk3/lib/python3.9/site-packages/psiturk/experiment.py", line 72, in check_templates_exist
    [app.jinja_env.get_template(try_this) for try_this in try_these]
  File "/Users/dmarkant/opt/anaconda3/envs/psiturk3/lib/python3.9/site-packages/psiturk/experiment.py", line 72, in <listcomp>
    [app.jinja_env.get_template(try_this) for try_this in try_these]
  File "/Users/dmarkant/opt/anaconda3/envs/psiturk3/lib/python3.9/site-packages/jinja2/environment.py", line 883, in get_template
    return self._load_template(name, self.make_globals(globals))
  File "/Users/dmarkant/opt/anaconda3/envs/psiturk3/lib/python3.9/site-packages/jinja2/environment.py", line 857, in _load_template
    template = self.loader.load(self, name, globals)
  File "/Users/dmarkant/opt/anaconda3/envs/psiturk3/lib/python3.9/site-packages/jinja2/loaders.py", line 115, in load
    source, filename, uptodate = self.get_source(environment, name)
  File "/Users/dmarkant/opt/anaconda3/envs/psiturk3/lib/python3.9/site-packages/flask/templating.py", line 60, in get_source
    return self._get_source_fast(environment, template)
  File "/Users/dmarkant/opt/anaconda3/envs/psiturk3/lib/python3.9/site-packages/flask/templating.py", line 89, in _get_source_fast
    raise TemplateNotFound(template)
jinja2.exceptions.TemplateNotFound: thanks-mturksubmit.html

During handling of the above exception, another exception occurred:

Traceback (most recent call last):
  File "/Users/dmarkant/opt/anaconda3/envs/psiturk3/lib/python3.9/site-packages/gunicorn/arbiter.py", line 583, in spawn_worker
    worker.init_process()
  File "/Users/dmarkant/opt/anaconda3/envs/psiturk3/lib/python3.9/site-packages/gunicorn/workers/ggevent.py", line 162, in init_process
    super().init_process()
  File "/Users/dmarkant/opt/anaconda3/envs/psiturk3/lib/python3.9/site-packages/gunicorn/workers/base.py", line 119, in init_process
    self.load_wsgi()
  File "/Users/dmarkant/opt/anaconda3/envs/psiturk3/lib/python3.9/site-packages/gunicorn/workers/base.py", line 144, in load_wsgi
    self.wsgi = self.app.wsgi()
  File "/Users/dmarkant/opt/anaconda3/envs/psiturk3/lib/python3.9/site-packages/gunicorn/app/base.py", line 67, in wsgi
    self.callable = self.load()
  File "/Users/dmarkant/opt/anaconda3/envs/psiturk3/lib/python3.9/site-packages/psiturk/experiment_server.py", line 64, in load
    return util.import_app("psiturk.experiment:app")
  File "/Users/dmarkant/opt/anaconda3/envs/psiturk3/lib/python3.9/site-packages/gunicorn/util.py", line 358, in import_app
    mod = importlib.import_module(module)
  File "/Users/dmarkant/opt/anaconda3/envs/psiturk3/lib/python3.9/importlib/__init__.py", line 127, in import_module
    return _bootstrap._gcd_import(name[level:], package, level)
  File "<frozen importlib._bootstrap>", line 1030, in _gcd_import
  File "<frozen importlib._bootstrap>", line 1007, in _find_and_load
  File "<frozen importlib._bootstrap>", line 986, in _find_and_load_unlocked
  File "<frozen importlib._bootstrap>", line 680, in _load_unlocked
  File "<frozen importlib._bootstrap_external>", line 790, in exec_module
  File "<frozen importlib._bootstrap>", line 228, in _call_with_frames_removed
  File "/Users/dmarkant/opt/anaconda3/envs/psiturk3/lib/python3.9/site-packages/psiturk/experiment.py", line 81, in <module>
    check_templates_exist()
  File "/Users/dmarkant/opt/anaconda3/envs/psiturk3/lib/python3.9/site-packages/psiturk/experiment.py", line 74, in check_templates_exist
    raise RuntimeError((
RuntimeError: Missing one of the following templates: thanks-mturksubmit.html, closepopup.html.Copy these over from a freshly-created psiturk example experiment.('TemplateNotFound', 'thanks-mturksubmit.html')
[2021-04-22 22:48:51 -0400] [45030] [ERROR] Exception in worker process
Traceback (most recent call last):
  File "/Users/dmarkant/opt/anaconda3/envs/psiturk3/lib/python3.9/site-packages/psiturk/experiment.py", line 72, in check_templates_exist
    [app.jinja_env.get_template(try_this) for try_this in try_these]
  File "/Users/dmarkant/opt/anaconda3/envs/psiturk3/lib/python3.9/site-packages/psiturk/experiment.py", line 72, in <listcomp>
    [app.jinja_env.get_template(try_this) for try_this in try_these]
  File "/Users/dmarkant/opt/anaconda3/envs/psiturk3/lib/python3.9/site-packages/jinja2/environment.py", line 883, in get_template
    return self._load_template(name, self.make_globals(globals))
  File "/Users/dmarkant/opt/anaconda3/envs/psiturk3/lib/python3.9/site-packages/jinja2/environment.py", line 857, in _load_template
    template = self.loader.load(self, name, globals)
  File "/Users/dmarkant/opt/anaconda3/envs/psiturk3/lib/python3.9/site-packages/jinja2/loaders.py", line 115, in load
    source, filename, uptodate = self.get_source(environment, name)
  File "/Users/dmarkant/opt/anaconda3/envs/psiturk3/lib/python3.9/site-packages/flask/templating.py", line 60, in get_source
    return self._get_source_fast(environment, template)
  File "/Users/dmarkant/opt/anaconda3/envs/psiturk3/lib/python3.9/site-packages/flask/templating.py", line 89, in _get_source_fast
    raise TemplateNotFound(template)
jinja2.exceptions.TemplateNotFound: thanks-mturksubmit.html

During handling of the above exception, another exception occurred:

Traceback (most recent call last):
  File "/Users/dmarkant/opt/anaconda3/envs/psiturk3/lib/python3.9/site-packages/gunicorn/arbiter.py", line 583, in spawn_worker
    worker.init_process()
  File "/Users/dmarkant/opt/anaconda3/envs/psiturk3/lib/python3.9/site-packages/gunicorn/workers/ggevent.py", line 162, in init_process
    super().init_process()
  File "/Users/dmarkant/opt/anaconda3/envs/psiturk3/lib/python3.9/site-packages/gunicorn/workers/base.py", line 119, in init_process
    self.load_wsgi()
  File "/Users/dmarkant/opt/anaconda3/envs/psiturk3/lib/python3.9/site-packages/gunicorn/workers/base.py", line 144, in load_wsgi
    self.wsgi = self.app.wsgi()
  File "/Users/dmarkant/opt/anaconda3/envs/psiturk3/lib/python3.9/site-packages/gunicorn/app/base.py", line 67, in wsgi
    self.callable = self.load()
  File "/Users/dmarkant/opt/anaconda3/envs/psiturk3/lib/python3.9/site-packages/psiturk/experiment_server.py", line 64, in load
    return util.import_app("psiturk.experiment:app")
  File "/Users/dmarkant/opt/anaconda3/envs/psiturk3/lib/python3.9/site-packages/gunicorn/util.py", line 358, in import_app
    mod = importlib.import_module(module)
  File "/Users/dmarkant/opt/anaconda3/envs/psiturk3/lib/python3.9/importlib/__init__.py", line 127, in import_module
    return _bootstrap._gcd_import(name[level:], package, level)
  File "<frozen importlib._bootstrap>", line 1030, in _gcd_import
  File "<frozen importlib._bootstrap>", line 1007, in _find_and_load
  File "<frozen importlib._bootstrap>", line 986, in _find_and_load_unlocked
  File "<frozen importlib._bootstrap>", line 680, in _load_unlocked
  File "<frozen importlib._bootstrap_external>", line 790, in exec_module
  File "<frozen importlib._bootstrap>", line 228, in _call_with_frames_removed
  File "/Users/dmarkant/opt/anaconda3/envs/psiturk3/lib/python3.9/site-packages/psiturk/experiment.py", line 81, in <module>
    check_templates_exist()
  File "/Users/dmarkant/opt/anaconda3/envs/psiturk3/lib/python3.9/site-packages/psiturk/experiment.py", line 74, in check_templates_exist
    raise RuntimeError((
RuntimeError: Missing one of the following templates: thanks-mturksubmit.html, closepopup.html.Copy these over from a freshly-created psiturk example experiment.('TemplateNotFound', 'thanks-mturksubmit.html')
[2021-04-22 22:48:51 -0400] [45032] [ERROR] Exception in worker process
Traceback (most recent call last):
  File "/Users/dmarkant/opt/anaconda3/envs/psiturk3/lib/python3.9/site-packages/psiturk/experiment.py", line 72, in check_templates_exist
    [app.jinja_env.get_template(try_this) for try_this in try_these]
  File "/Users/dmarkant/opt/anaconda3/envs/psiturk3/lib/python3.9/site-packages/psiturk/experiment.py", line 72, in <listcomp>
    [app.jinja_env.get_template(try_this) for try_this in try_these]
  File "/Users/dmarkant/opt/anaconda3/envs/psiturk3/lib/python3.9/site-packages/jinja2/environment.py", line 883, in get_template
    return self._load_template(name, self.make_globals(globals))
  File "/Users/dmarkant/opt/anaconda3/envs/psiturk3/lib/python3.9/site-packages/jinja2/environment.py", line 857, in _load_template
    template = self.loader.load(self, name, globals)
  File "/Users/dmarkant/opt/anaconda3/envs/psiturk3/lib/python3.9/site-packages/jinja2/loaders.py", line 115, in load
    source, filename, uptodate = self.get_source(environment, name)
  File "/Users/dmarkant/opt/anaconda3/envs/psiturk3/lib/python3.9/site-packages/flask/templating.py", line 60, in get_source
    return self._get_source_fast(environment, template)
  File "/Users/dmarkant/opt/anaconda3/envs/psiturk3/lib/python3.9/site-packages/flask/templating.py", line 89, in _get_source_fast
    raise TemplateNotFound(template)
jinja2.exceptions.TemplateNotFound: thanks-mturksubmit.html

During handling of the above exception, another exception occurred:

Traceback (most recent call last):
  File "/Users/dmarkant/opt/anaconda3/envs/psiturk3/lib/python3.9/site-packages/gunicorn/arbiter.py", line 583, in spawn_worker
    worker.init_process()
  File "/Users/dmarkant/opt/anaconda3/envs/psiturk3/lib/python3.9/site-packages/gunicorn/workers/ggevent.py", line 162, in init_process
    super().init_process()
  File "/Users/dmarkant/opt/anaconda3/envs/psiturk3/lib/python3.9/site-packages/gunicorn/workers/base.py", line 119, in init_process
    self.load_wsgi()
  File "/Users/dmarkant/opt/anaconda3/envs/psiturk3/lib/python3.9/site-packages/gunicorn/workers/base.py", line 144, in load_wsgi
    self.wsgi = self.app.wsgi()
  File "/Users/dmarkant/opt/anaconda3/envs/psiturk3/lib/python3.9/site-packages/gunicorn/app/base.py", line 67, in wsgi
    self.callable = self.load()
  File "/Users/dmarkant/opt/anaconda3/envs/psiturk3/lib/python3.9/site-packages/psiturk/experiment_server.py", line 64, in load
    return util.import_app("psiturk.experiment:app")
  File "/Users/dmarkant/opt/anaconda3/envs/psiturk3/lib/python3.9/site-packages/gunicorn/util.py", line 358, in import_app
    mod = importlib.import_module(module)
  File "/Users/dmarkant/opt/anaconda3/envs/psiturk3/lib/python3.9/importlib/__init__.py", line 127, in import_module
    return _bootstrap._gcd_import(name[level:], package, level)
  File "<frozen importlib._bootstrap>", line 1030, in _gcd_import
  File "<frozen importlib._bootstrap>", line 1007, in _find_and_load
  File "<frozen importlib._bootstrap>", line 986, in _find_and_load_unlocked
  File "<frozen importlib._bootstrap>", line 680, in _load_unlocked
  File "<frozen importlib._bootstrap_external>", line 790, in exec_module
  File "<frozen importlib._bootstrap>", line 228, in _call_with_frames_removed
  File "/Users/dmarkant/opt/anaconda3/envs/psiturk3/lib/python3.9/site-packages/psiturk/experiment.py", line 81, in <module>
    check_templates_exist()
  File "/Users/dmarkant/opt/anaconda3/envs/psiturk3/lib/python3.9/site-packages/psiturk/experiment.py", line 74, in check_templates_exist
    raise RuntimeError((
RuntimeError: Missing one of the following templates: thanks-mturksubmit.html, closepopup.html.Copy these over from a freshly-created psiturk example experiment.('TemplateNotFound', 'thanks-mturksubmit.html')
[2021-04-22 22:48:52 -0400] [45033] [ERROR] Exception in worker process
Traceback (most recent call last):
  File "/Users/dmarkant/opt/anaconda3/envs/psiturk3/lib/python3.9/site-packages/psiturk/experiment.py", line 72, in check_templates_exist
    [app.jinja_env.get_template(try_this) for try_this in try_these]
  File "/Users/dmarkant/opt/anaconda3/envs/psiturk3/lib/python3.9/site-packages/psiturk/experiment.py", line 72, in <listcomp>
    [app.jinja_env.get_template(try_this) for try_this in try_these]
  File "/Users/dmarkant/opt/anaconda3/envs/psiturk3/lib/python3.9/site-packages/jinja2/environment.py", line 883, in get_template
    return self._load_template(name, self.make_globals(globals))
  File "/Users/dmarkant/opt/anaconda3/envs/psiturk3/lib/python3.9/site-packages/jinja2/environment.py", line 857, in _load_template
    template = self.loader.load(self, name, globals)
  File "/Users/dmarkant/opt/anaconda3/envs/psiturk3/lib/python3.9/site-packages/jinja2/loaders.py", line 115, in load
    source, filename, uptodate = self.get_source(environment, name)
  File "/Users/dmarkant/opt/anaconda3/envs/psiturk3/lib/python3.9/site-packages/flask/templating.py", line 60, in get_source
    return self._get_source_fast(environment, template)
  File "/Users/dmarkant/opt/anaconda3/envs/psiturk3/lib/python3.9/site-packages/flask/templating.py", line 89, in _get_source_fast
    raise TemplateNotFound(template)
jinja2.exceptions.TemplateNotFound: thanks-mturksubmit.html

During handling of the above exception, another exception occurred:

Traceback (most recent call last):
  File "/Users/dmarkant/opt/anaconda3/envs/psiturk3/lib/python3.9/site-packages/gunicorn/arbiter.py", line 583, in spawn_worker
    worker.init_process()
  File "/Users/dmarkant/opt/anaconda3/envs/psiturk3/lib/python3.9/site-packages/gunicorn/workers/ggevent.py", line 162, in init_process
    super().init_process()
  File "/Users/dmarkant/opt/anaconda3/envs/psiturk3/lib/python3.9/site-packages/gunicorn/workers/base.py", line 119, in init_process
    self.load_wsgi()
  File "/Users/dmarkant/opt/anaconda3/envs/psiturk3/lib/python3.9/site-packages/gunicorn/workers/base.py", line 144, in load_wsgi
    self.wsgi = self.app.wsgi()
  File "/Users/dmarkant/opt/anaconda3/envs/psiturk3/lib/python3.9/site-packages/gunicorn/app/base.py", line 67, in wsgi
    self.callable = self.load()
  File "/Users/dmarkant/opt/anaconda3/envs/psiturk3/lib/python3.9/site-packages/psiturk/experiment_server.py", line 64, in load
    return util.import_app("psiturk.experiment:app")
  File "/Users/dmarkant/opt/anaconda3/envs/psiturk3/lib/python3.9/site-packages/gunicorn/util.py", line 358, in import_app
    mod = importlib.import_module(module)
  File "/Users/dmarkant/opt/anaconda3/envs/psiturk3/lib/python3.9/importlib/__init__.py", line 127, in import_module
    return _bootstrap._gcd_import(name[level:], package, level)
  File "<frozen importlib._bootstrap>", line 1030, in _gcd_import
  File "<frozen importlib._bootstrap>", line 1007, in _find_and_load
  File "<frozen importlib._bootstrap>", line 986, in _find_and_load_unlocked
  File "<frozen importlib._bootstrap>", line 680, in _load_unlocked
  File "<frozen importlib._bootstrap_external>", line 790, in exec_module
  File "<frozen importlib._bootstrap>", line 228, in _call_with_frames_removed
  File "/Users/dmarkant/opt/anaconda3/envs/psiturk3/lib/python3.9/site-packages/psiturk/experiment.py", line 81, in <module>
    check_templates_exist()
  File "/Users/dmarkant/opt/anaconda3/envs/psiturk3/lib/python3.9/site-packages/psiturk/experiment.py", line 74, in check_templates_exist
    raise RuntimeError((
RuntimeError: Missing one of the following templates: thanks-mturksubmit.html, closepopup.html.Copy these over from a freshly-created psiturk example experiment.('TemplateNotFound', 'thanks-mturksubmit.html')
[2021-04-22 22:48:52 -0400] [45034] [ERROR] Exception in worker process
Traceback (most recent call last):
  File "/Users/dmarkant/opt/anaconda3/envs/psiturk3/lib/python3.9/site-packages/psiturk/experiment.py", line 72, in check_templates_exist
    [app.jinja_env.get_template(try_this) for try_this in try_these]
  File "/Users/dmarkant/opt/anaconda3/envs/psiturk3/lib/python3.9/site-packages/psiturk/experiment.py", line 72, in <listcomp>
    [app.jinja_env.get_template(try_this) for try_this in try_these]
  File "/Users/dmarkant/opt/anaconda3/envs/psiturk3/lib/python3.9/site-packages/jinja2/environment.py", line 883, in get_template
    return self._load_template(name, self.make_globals(globals))
  File "/Users/dmarkant/opt/anaconda3/envs/psiturk3/lib/python3.9/site-packages/jinja2/environment.py", line 857, in _load_template
    template = self.loader.load(self, name, globals)
  File "/Users/dmarkant/opt/anaconda3/envs/psiturk3/lib/python3.9/site-packages/jinja2/loaders.py", line 115, in load
    source, filename, uptodate = self.get_source(environment, name)
  File "/Users/dmarkant/opt/anaconda3/envs/psiturk3/lib/python3.9/site-packages/flask/templating.py", line 60, in get_source
    return self._get_source_fast(environment, template)
  File "/Users/dmarkant/opt/anaconda3/envs/psiturk3/lib/python3.9/site-packages/flask/templating.py", line 89, in _get_source_fast
    raise TemplateNotFound(template)
jinja2.exceptions.TemplateNotFound: thanks-mturksubmit.html

During handling of the above exception, another exception occurred:

Traceback (most recent call last):
  File "/Users/dmarkant/opt/anaconda3/envs/psiturk3/lib/python3.9/site-packages/gunicorn/arbiter.py", line 583, in spawn_worker
    worker.init_process()
  File "/Users/dmarkant/opt/anaconda3/envs/psiturk3/lib/python3.9/site-packages/gunicorn/workers/ggevent.py", line 162, in init_process
    super().init_process()
  File "/Users/dmarkant/opt/anaconda3/envs/psiturk3/lib/python3.9/site-packages/gunicorn/workers/base.py", line 119, in init_process
    self.load_wsgi()
  File "/Users/dmarkant/opt/anaconda3/envs/psiturk3/lib/python3.9/site-packages/gunicorn/workers/base.py", line 144, in load_wsgi
    self.wsgi = self.app.wsgi()
  File "/Users/dmarkant/opt/anaconda3/envs/psiturk3/lib/python3.9/site-packages/gunicorn/app/base.py", line 67, in wsgi
    self.callable = self.load()
  File "/Users/dmarkant/opt/anaconda3/envs/psiturk3/lib/python3.9/site-packages/psiturk/experiment_server.py", line 64, in load
    return util.import_app("psiturk.experiment:app")
  File "/Users/dmarkant/opt/anaconda3/envs/psiturk3/lib/python3.9/site-packages/gunicorn/util.py", line 358, in import_app
    mod = importlib.import_module(module)
  File "/Users/dmarkant/opt/anaconda3/envs/psiturk3/lib/python3.9/importlib/__init__.py", line 127, in import_module
    return _bootstrap._gcd_import(name[level:], package, level)
  File "<frozen importlib._bootstrap>", line 1030, in _gcd_import
  File "<frozen importlib._bootstrap>", line 1007, in _find_and_load
  File "<frozen importlib._bootstrap>", line 986, in _find_and_load_unlocked
  File "<frozen importlib._bootstrap>", line 680, in _load_unlocked
  File "<frozen importlib._bootstrap_external>", line 790, in exec_module
  File "<frozen importlib._bootstrap>", line 228, in _call_with_frames_removed
  File "/Users/dmarkant/opt/anaconda3/envs/psiturk3/lib/python3.9/site-packages/psiturk/experiment.py", line 81, in <module>
    check_templates_exist()
  File "/Users/dmarkant/opt/anaconda3/envs/psiturk3/lib/python3.9/site-packages/psiturk/experiment.py", line 74, in check_templates_exist
    raise RuntimeError((
RuntimeError: Missing one of the following templates: thanks-mturksubmit.html, closepopup.html.Copy these over from a freshly-created psiturk example experiment.('TemplateNotFound', 'thanks-mturksubmit.html')
[2021-04-22 22:48:52 -0400] [45031] [ERROR] Exception in worker process
Traceback (most recent call last):
  File "/Users/dmarkant/opt/anaconda3/envs/psiturk3/lib/python3.9/site-packages/psiturk/experiment.py", line 72, in check_templates_exist
    [app.jinja_env.get_template(try_this) for try_this in try_these]
  File "/Users/dmarkant/opt/anaconda3/envs/psiturk3/lib/python3.9/site-packages/psiturk/experiment.py", line 72, in <listcomp>
    [app.jinja_env.get_template(try_this) for try_this in try_these]
  File "/Users/dmarkant/opt/anaconda3/envs/psiturk3/lib/python3.9/site-packages/jinja2/environment.py", line 883, in get_template
    return self._load_template(name, self.make_globals(globals))
  File "/Users/dmarkant/opt/anaconda3/envs/psiturk3/lib/python3.9/site-packages/jinja2/environment.py", line 857, in _load_template
    template = self.loader.load(self, name, globals)
  File "/Users/dmarkant/opt/anaconda3/envs/psiturk3/lib/python3.9/site-packages/jinja2/loaders.py", line 115, in load
    source, filename, uptodate = self.get_source(environment, name)
  File "/Users/dmarkant/opt/anaconda3/envs/psiturk3/lib/python3.9/site-packages/flask/templating.py", line 60, in get_source
    return self._get_source_fast(environment, template)
  File "/Users/dmarkant/opt/anaconda3/envs/psiturk3/lib/python3.9/site-packages/flask/templating.py", line 89, in _get_source_fast
    raise TemplateNotFound(template)
jinja2.exceptions.TemplateNotFound: thanks-mturksubmit.html

During handling of the above exception, another exception occurred:

Traceback (most recent call last):
  File "/Users/dmarkant/opt/anaconda3/envs/psiturk3/lib/python3.9/site-packages/gunicorn/arbiter.py", line 583, in spawn_worker
    worker.init_process()
  File "/Users/dmarkant/opt/anaconda3/envs/psiturk3/lib/python3.9/site-packages/gunicorn/workers/ggevent.py", line 162, in init_process
    super().init_process()
  File "/Users/dmarkant/opt/anaconda3/envs/psiturk3/lib/python3.9/site-packages/gunicorn/workers/base.py", line 119, in init_process
    self.load_wsgi()
  File "/Users/dmarkant/opt/anaconda3/envs/psiturk3/lib/python3.9/site-packages/gunicorn/workers/base.py", line 144, in load_wsgi
    self.wsgi = self.app.wsgi()
  File "/Users/dmarkant/opt/anaconda3/envs/psiturk3/lib/python3.9/site-packages/gunicorn/app/base.py", line 67, in wsgi
    self.callable = self.load()
  File "/Users/dmarkant/opt/anaconda3/envs/psiturk3/lib/python3.9/site-packages/psiturk/experiment_server.py", line 64, in load
    return util.import_app("psiturk.experiment:app")
  File "/Users/dmarkant/opt/anaconda3/envs/psiturk3/lib/python3.9/site-packages/gunicorn/util.py", line 358, in import_app
    mod = importlib.import_module(module)
  File "/Users/dmarkant/opt/anaconda3/envs/psiturk3/lib/python3.9/importlib/__init__.py", line 127, in import_module
    return _bootstrap._gcd_import(name[level:], package, level)
  File "<frozen importlib._bootstrap>", line 1030, in _gcd_import
  File "<frozen importlib._bootstrap>", line 1007, in _find_and_load
  File "<frozen importlib._bootstrap>", line 986, in _find_and_load_unlocked
  File "<frozen importlib._bootstrap>", line 680, in _load_unlocked
  File "<frozen importlib._bootstrap_external>", line 790, in exec_module
  File "<frozen importlib._bootstrap>", line 228, in _call_with_frames_removed
  File "/Users/dmarkant/opt/anaconda3/envs/psiturk3/lib/python3.9/site-packages/psiturk/experiment.py", line 81, in <module>
    check_templates_exist()
  File "/Users/dmarkant/opt/anaconda3/envs/psiturk3/lib/python3.9/site-packages/psiturk/experiment.py", line 74, in check_templates_exist
    raise RuntimeError((
RuntimeError: Missing one of the following templates: thanks-mturksubmit.html, closepopup.html.Copy these over from a freshly-created psiturk example experiment.('TemplateNotFound', 'thanks-mturksubmit.html')
[2021-04-23 00:30:44 -0400] [51286] [CRITICAL] WORKER TIMEOUT (pid:51290)
[2021-04-23 00:59:40 -0400] [51286] [CRITICAL] WORKER TIMEOUT (pid:51289)
[2021-04-23 01:17:32 -0400] [51286] [CRITICAL] WORKER TIMEOUT (pid:51291)
[2021-04-23 01:17:32 -0400] [51286] [CRITICAL] WORKER TIMEOUT (pid:51292)
[2021-04-23 01:17:32 -0400] [51286] [CRITICAL] WORKER TIMEOUT (pid:51293)
[2021-04-23 01:17:32 -0400] [51286] [CRITICAL] WORKER TIMEOUT (pid:51294)
[2021-04-23 01:17:32 -0400] [51286] [CRITICAL] WORKER TIMEOUT (pid:51295)
[2021-04-23 01:17:32 -0400] [51286] [CRITICAL] WORKER TIMEOUT (pid:51296)
[2021-04-23 01:17:32 -0400] [51286] [CRITICAL] WORKER TIMEOUT (pid:51297)
[2021-04-23 01:17:32 -0400] [51286] [CRITICAL] WORKER TIMEOUT (pid:58912)
[2021-04-23 01:17:32 -0400] [51286] [CRITICAL] WORKER TIMEOUT (pid:59014)
[2021-04-23 01:38:23 -0400] [51286] [CRITICAL] WORKER TIMEOUT (pid:59122)
[2021-04-23 01:38:23 -0400] [51286] [CRITICAL] WORKER TIMEOUT (pid:59123)
[2021-04-23 01:38:23 -0400] [51286] [CRITICAL] WORKER TIMEOUT (pid:59125)
[2021-04-23 01:54:14 -0400] [51286] [CRITICAL] WORKER TIMEOUT (pid:59124)
[2021-04-23 02:12:35 -0400] [51286] [CRITICAL] WORKER TIMEOUT (pid:59126)
[2021-04-23 02:12:35 -0400] [51286] [CRITICAL] WORKER TIMEOUT (pid:59129)
[2021-04-23 02:12:35 -0400] [51286] [CRITICAL] WORKER TIMEOUT (pid:59130)
[2021-04-23 02:12:35 -0400] [51286] [CRITICAL] WORKER TIMEOUT (pid:59243)
[2021-04-23 02:12:35 -0400] [51286] [CRITICAL] WORKER TIMEOUT (pid:59244)
[2021-04-23 02:12:35 -0400] [51286] [CRITICAL] WORKER TIMEOUT (pid:59348)
[2021-04-23 02:28:25 -0400] [51286] [CRITICAL] WORKER TIMEOUT (pid:59127)
[2021-04-23 02:44:16 -0400] [51286] [CRITICAL] WORKER TIMEOUT (pid:59128)
[2021-04-23 03:03:38 -0400] [51286] [CRITICAL] WORKER TIMEOUT (pid:59242)
[2021-04-23 03:03:38 -0400] [51286] [CRITICAL] WORKER TIMEOUT (pid:59453)
[2021-04-23 03:03:38 -0400] [51286] [CRITICAL] WORKER TIMEOUT (pid:59454)
[2021-04-23 03:03:38 -0400] [51286] [CRITICAL] WORKER TIMEOUT (pid:59455)
[2021-04-23 03:03:38 -0400] [51286] [CRITICAL] WORKER TIMEOUT (pid:59456)
[2021-04-23 03:03:38 -0400] [51286] [CRITICAL] WORKER TIMEOUT (pid:59457)
[2021-04-23 03:03:38 -0400] [51286] [CRITICAL] WORKER TIMEOUT (pid:59458)
[2021-04-23 03:03:38 -0400] [51286] [CRITICAL] WORKER TIMEOUT (pid:59559)
[2021-04-23 03:03:38 -0400] [51286] [CRITICAL] WORKER TIMEOUT (pid:59662)
[2021-04-23 03:19:30 -0400] [51286] [CRITICAL] WORKER TIMEOUT (pid:59856)
[2021-04-23 03:19:30 -0400] [51286] [CRITICAL] WORKER TIMEOUT (pid:59858)
[2021-04-23 03:19:30 -0400] [51286] [CRITICAL] WORKER TIMEOUT (pid:59859)
[2021-04-23 03:19:30 -0400] [51286] [CRITICAL] WORKER TIMEOUT (pid:59860)
[2021-04-23 03:19:30 -0400] [51286] [CRITICAL] WORKER TIMEOUT (pid:59861)
[2021-04-23 03:19:30 -0400] [51286] [CRITICAL] WORKER TIMEOUT (pid:59862)
[2021-04-23 03:19:30 -0400] [51286] [CRITICAL] WORKER TIMEOUT (pid:59863)
[2021-04-23 03:19:30 -0400] [51286] [CRITICAL] WORKER TIMEOUT (pid:59864)
[2021-04-23 03:35:21 -0400] [51286] [CRITICAL] WORKER TIMEOUT (pid:59857)
[2021-04-23 03:35:21 -0400] [51286] [CRITICAL] WORKER TIMEOUT (pid:59966)
[2021-04-23 03:35:21 -0400] [51286] [CRITICAL] WORKER TIMEOUT (pid:59967)
[2021-04-23 03:35:21 -0400] [51286] [CRITICAL] WORKER TIMEOUT (pid:59968)
[2021-04-23 03:35:21 -0400] [51286] [CRITICAL] WORKER TIMEOUT (pid:59969)
[2021-04-23 03:35:21 -0400] [51286] [CRITICAL] WORKER TIMEOUT (pid:59970)
[2021-04-23 03:35:21 -0400] [51286] [CRITICAL] WORKER TIMEOUT (pid:59971)
[2021-04-23 03:35:21 -0400] [51286] [CRITICAL] WORKER TIMEOUT (pid:59972)
[2021-04-23 03:35:21 -0400] [51286] [CRITICAL] WORKER TIMEOUT (pid:59973)
[2021-04-23 03:52:41 -0400] [51286] [CRITICAL] WORKER TIMEOUT (pid:60075)
[2021-04-23 03:52:41 -0400] [51286] [CRITICAL] WORKER TIMEOUT (pid:60076)
[2021-04-23 03:52:41 -0400] [51286] [CRITICAL] WORKER TIMEOUT (pid:60077)
[2021-04-23 03:52:41 -0400] [51286] [CRITICAL] WORKER TIMEOUT (pid:60078)
[2021-04-23 03:52:41 -0400] [51286] [CRITICAL] WORKER TIMEOUT (pid:60079)
[2021-04-23 03:52:41 -0400] [51286] [CRITICAL] WORKER TIMEOUT (pid:60080)
[2021-04-23 03:52:41 -0400] [51286] [CRITICAL] WORKER TIMEOUT (pid:60081)
[2021-04-23 04:13:32 -0400] [51286] [CRITICAL] WORKER TIMEOUT (pid:60082)
[2021-04-23 04:13:32 -0400] [51286] [CRITICAL] WORKER TIMEOUT (pid:60226)
[2021-04-23 04:31:24 -0400] [51286] [CRITICAL] WORKER TIMEOUT (pid:60083)
[2021-04-23 04:47:15 -0400] [51286] [CRITICAL] WORKER TIMEOUT (pid:60223)
[2021-04-23 04:47:15 -0400] [51286] [CRITICAL] WORKER TIMEOUT (pid:60227)
[2021-04-23 05:03:37 -0400] [51286] [CRITICAL] WORKER TIMEOUT (pid:60225)
[2021-04-23 05:03:37 -0400] [51286] [CRITICAL] WORKER TIMEOUT (pid:60228)
[2021-04-23 05:03:37 -0400] [51286] [CRITICAL] WORKER TIMEOUT (pid:60229)
[2021-04-23 05:03:37 -0400] [51286] [CRITICAL] WORKER TIMEOUT (pid:60230)
[2021-04-23 05:03:37 -0400] [51286] [CRITICAL] WORKER TIMEOUT (pid:60327)
[2021-04-23 05:03:37 -0400] [51286] [CRITICAL] WORKER TIMEOUT (pid:60329)
[2021-04-23 05:03:37 -0400] [51286] [CRITICAL] WORKER TIMEOUT (pid:60387)
[2021-04-23 05:03:37 -0400] [51286] [CRITICAL] WORKER TIMEOUT (pid:60403)
[2021-04-23 05:03:37 -0400] [51286] [CRITICAL] WORKER TIMEOUT (pid:60404)
[2021-04-23 05:19:29 -0400] [51286] [CRITICAL] WORKER TIMEOUT (pid:60418)
[2021-04-23 05:19:29 -0400] [51286] [CRITICAL] WORKER TIMEOUT (pid:60419)
[2021-04-23 05:19:29 -0400] [51286] [CRITICAL] WORKER TIMEOUT (pid:60420)
[2021-04-23 05:19:29 -0400] [51286] [CRITICAL] WORKER TIMEOUT (pid:60421)
[2021-04-23 05:19:29 -0400] [51286] [CRITICAL] WORKER TIMEOUT (pid:60422)
[2021-04-23 05:19:29 -0400] [51286] [CRITICAL] WORKER TIMEOUT (pid:60423)
[2021-04-23 05:19:29 -0400] [51286] [CRITICAL] WORKER TIMEOUT (pid:60424)
[2021-04-23 05:19:29 -0400] [51286] [CRITICAL] WORKER TIMEOUT (pid:60425)
[2021-04-23 05:35:19 -0400] [51286] [CRITICAL] WORKER TIMEOUT (pid:60426)
[2021-04-23 05:51:11 -0400] [51286] [CRITICAL] WORKER TIMEOUT (pid:60440)
[2021-04-23 05:51:11 -0400] [51286] [CRITICAL] WORKER TIMEOUT (pid:60464)
[2021-04-23 06:09:33 -0400] [51286] [CRITICAL] WORKER TIMEOUT (pid:60441)
[2021-04-23 06:25:24 -0400] [51286] [CRITICAL] WORKER TIMEOUT (pid:60442)
[2021-04-23 06:41:16 -0400] [51286] [CRITICAL] WORKER TIMEOUT (pid:60443)
[2021-04-23 06:44:39 -0400] [51286] [CRITICAL] WORKER TIMEOUT (pid:60444)
[2021-04-23 06:44:39 -0400] [51286] [CRITICAL] WORKER TIMEOUT (pid:60445)
[2021-04-23 06:44:39 -0400] [51286] [CRITICAL] WORKER TIMEOUT (pid:60446)
[2021-04-23 06:44:39 -0400] [51286] [CRITICAL] WORKER TIMEOUT (pid:60447)
[2021-04-23 06:44:39 -0400] [51286] [CRITICAL] WORKER TIMEOUT (pid:60482)
[2021-04-23 06:44:39 -0400] [51286] [CRITICAL] WORKER TIMEOUT (pid:60483)
[2021-04-23 06:44:39 -0400] [51286] [CRITICAL] WORKER TIMEOUT (pid:60500)
[2021-04-23 06:44:39 -0400] [51286] [CRITICAL] WORKER TIMEOUT (pid:60516)
[2021-04-23 06:44:39 -0400] [51286] [CRITICAL] WORKER TIMEOUT (pid:60536)
[2021-04-23 07:12:43 -0400] [51286] [CRITICAL] WORKER TIMEOUT (pid:60594)
[2021-04-23 07:12:43 -0400] [51286] [CRITICAL] WORKER TIMEOUT (pid:60595)
[2021-04-23 07:12:43 -0400] [51286] [CRITICAL] WORKER TIMEOUT (pid:60597)
[2021-04-23 07:12:43 -0400] [51286] [CRITICAL] WORKER TIMEOUT (pid:60599)
[2021-04-23 07:12:43 -0400] [51286] [CRITICAL] WORKER TIMEOUT (pid:60600)
[2021-04-23 07:12:43 -0400] [51286] [CRITICAL] WORKER TIMEOUT (pid:60601)
[2021-04-23 07:12:43 -0400] [51286] [CRITICAL] WORKER TIMEOUT (pid:60602)
[2021-04-23 08:22:18 -0400] [51286] [CRITICAL] WORKER TIMEOUT (pid:60596)
[2021-04-23 11:10:47 -0400] [51286] [CRITICAL] WORKER TIMEOUT (pid:60598)
[2021-04-23 11:40:11 -0400] [51286] [CRITICAL] WORKER TIMEOUT (pid:60619)
[2021-04-23 12:01:02 -0400] [51286] [CRITICAL] WORKER TIMEOUT (pid:60620)
[2021-04-23 12:18:53 -0400] [51286] [CRITICAL] WORKER TIMEOUT (pid:60621)
[2021-04-23 12:18:53 -0400] [51286] [CRITICAL] WORKER TIMEOUT (pid:60622)
[2021-04-23 12:18:53 -0400] [51286] [CRITICAL] WORKER TIMEOUT (pid:60623)
[2021-04-23 12:18:53 -0400] [51286] [CRITICAL] WORKER TIMEOUT (pid:60624)
[2021-04-23 12:18:53 -0400] [51286] [CRITICAL] WORKER TIMEOUT (pid:60625)
[2021-04-23 12:18:53 -0400] [51286] [CRITICAL] WORKER TIMEOUT (pid:64262)
[2021-04-23 12:18:53 -0400] [51286] [CRITICAL] WORKER TIMEOUT (pid:86119)
[2021-04-23 12:18:53 -0400] [51286] [CRITICAL] WORKER TIMEOUT (pid:86216)
[2021-04-23 12:18:53 -0400] [51286] [CRITICAL] WORKER TIMEOUT (pid:86333)
[2021-04-23 12:34:44 -0400] [51286] [CRITICAL] WORKER TIMEOUT (pid:86354)
[2021-04-23 12:34:44 -0400] [51286] [CRITICAL] WORKER TIMEOUT (pid:86355)
[2021-04-23 12:34:44 -0400] [51286] [CRITICAL] WORKER TIMEOUT (pid:86356)
[2021-04-23 12:34:44 -0400] [51286] [CRITICAL] WORKER TIMEOUT (pid:86357)
[2021-04-23 12:50:35 -0400] [51286] [CRITICAL] WORKER TIMEOUT (pid:86358)
[2021-04-23 12:50:35 -0400] [51286] [CRITICAL] WORKER TIMEOUT (pid:86359)
[2021-04-23 12:50:35 -0400] [51286] [CRITICAL] WORKER TIMEOUT (pid:86360)
[2021-04-23 12:50:35 -0400] [51286] [CRITICAL] WORKER TIMEOUT (pid:86361)
[2021-04-23 12:50:35 -0400] [51286] [CRITICAL] WORKER TIMEOUT (pid:86362)
[2021-04-23 12:50:35 -0400] [51286] [CRITICAL] WORKER TIMEOUT (pid:86382)
[2021-04-23 12:50:35 -0400] [51286] [CRITICAL] WORKER TIMEOUT (pid:86383)
[2021-04-23 12:50:35 -0400] [51286] [CRITICAL] WORKER TIMEOUT (pid:86384)
[2021-04-23 12:50:35 -0400] [51286] [CRITICAL] WORKER TIMEOUT (pid:86385)
[2021-04-23 13:06:26 -0400] [51286] [CRITICAL] WORKER TIMEOUT (pid:86400)
[2021-04-23 13:22:16 -0400] [51286] [CRITICAL] WORKER TIMEOUT (pid:86401)
[2021-04-23 13:39:08 -0400] [51286] [CRITICAL] WORKER TIMEOUT (pid:86402)
[2021-04-23 13:48:05 -0400] [51286] [CRITICAL] WORKER TIMEOUT (pid:86403)
[2021-04-23 13:48:05 -0400] [51286] [CRITICAL] WORKER TIMEOUT (pid:86405)
[2021-04-23 13:48:05 -0400] [51286] [CRITICAL] WORKER TIMEOUT (pid:86406)
[2021-04-23 13:48:05 -0400] [51286] [CRITICAL] WORKER TIMEOUT (pid:86407)
[2021-04-23 13:48:05 -0400] [51286] [CRITICAL] WORKER TIMEOUT (pid:86408)
[2021-04-23 13:48:05 -0400] [51286] [CRITICAL] WORKER TIMEOUT (pid:86409)
[2021-04-23 13:48:05 -0400] [51286] [CRITICAL] WORKER TIMEOUT (pid:86426)
[2021-04-23 13:48:05 -0400] [51286] [CRITICAL] WORKER TIMEOUT (pid:86447)
[2021-04-23 13:48:05 -0400] [51286] [CRITICAL] WORKER TIMEOUT (pid:86463)
[2021-04-23 17:43:16 -0400] [51286] [CRITICAL] WORKER TIMEOUT (pid:86525)
[2021-04-23 18:09:09 -0400] [51286] [CRITICAL] WORKER TIMEOUT (pid:86526)
[2021-04-23 18:25:01 -0400] [51286] [CRITICAL] WORKER TIMEOUT (pid:86527)
[2021-04-23 18:41:22 -0400] [51286] [CRITICAL] WORKER TIMEOUT (pid:86528)
[2021-04-23 18:41:22 -0400] [51286] [CRITICAL] WORKER TIMEOUT (pid:86531)
[2021-04-23 18:41:22 -0400] [51286] [CRITICAL] WORKER TIMEOUT (pid:86533)
[2021-04-23 18:41:22 -0400] [51286] [CRITICAL] WORKER TIMEOUT (pid:5394)
[2021-04-23 18:41:22 -0400] [51286] [CRITICAL] WORKER TIMEOUT (pid:5498)
[2021-04-23 18:41:22 -0400] [51286] [CRITICAL] WORKER TIMEOUT (pid:5761)
[2021-04-23 18:57:14 -0400] [51286] [CRITICAL] WORKER TIMEOUT (pid:86529)
[2021-04-23 19:13:04 -0400] [51286] [CRITICAL] WORKER TIMEOUT (pid:86530)
[2021-04-23 19:28:55 -0400] [51286] [CRITICAL] WORKER TIMEOUT (pid:86532)
[2021-04-23 19:58:56 -0400] [51286] [CRITICAL] WORKER TIMEOUT (pid:5949)
[2021-04-23 20:03:38 -0400] [51286] [CRITICAL] WORKER TIMEOUT (pid:5951)
[2021-04-23 20:54:52 -0400] [51286] [CRITICAL] WORKER TIMEOUT (pid:5952)
[2021-04-23 21:10:42 -0400] [51286] [CRITICAL] WORKER TIMEOUT (pid:5953)
[2021-04-23 21:26:32 -0400] [51286] [CRITICAL] WORKER TIMEOUT (pid:5954)
[2021-04-23 21:42:23 -0400] [51286] [CRITICAL] WORKER TIMEOUT (pid:5955)
[2021-04-23 21:58:14 -0400] [51286] [CRITICAL] WORKER TIMEOUT (pid:6058)
[2021-04-23 22:14:04 -0400] [51286] [CRITICAL] WORKER TIMEOUT (pid:6118)
[2021-04-23 22:29:55 -0400] [51286] [CRITICAL] WORKER TIMEOUT (pid:6138)
[2021-04-23 22:45:46 -0400] [51286] [CRITICAL] WORKER TIMEOUT (pid:6210)
[2021-04-23 23:02:07 -0400] [51286] [CRITICAL] WORKER TIMEOUT (pid:6226)
[2021-04-23 23:02:07 -0400] [51286] [CRITICAL] WORKER TIMEOUT (pid:6836)
[2021-04-23 23:02:07 -0400] [51286] [CRITICAL] WORKER TIMEOUT (pid:6850)
[2021-04-23 23:02:07 -0400] [51286] [CRITICAL] WORKER TIMEOUT (pid:6869)
[2021-04-23 23:02:07 -0400] [51286] [CRITICAL] WORKER TIMEOUT (pid:6887)
[2021-04-23 23:02:07 -0400] [51286] [CRITICAL] WORKER TIMEOUT (pid:6907)
[2021-04-23 23:02:07 -0400] [51286] [CRITICAL] WORKER TIMEOUT (pid:6921)
[2021-04-23 23:02:07 -0400] [51286] [CRITICAL] WORKER TIMEOUT (pid:6948)
[2021-04-23 23:18:00 -0400] [51286] [CRITICAL] WORKER TIMEOUT (pid:6811)
[2021-04-23 23:33:52 -0400] [51286] [CRITICAL] WORKER TIMEOUT (pid:7052)
[2021-04-24 01:34:38 -0400] [51286] [CRITICAL] WORKER TIMEOUT (pid:7053)
[2021-04-24 01:34:38 -0400] [51286] [CRITICAL] WORKER TIMEOUT (pid:7054)
[2021-04-24 01:34:38 -0400] [51286] [CRITICAL] WORKER TIMEOUT (pid:7055)
[2021-04-24 01:34:38 -0400] [51286] [CRITICAL] WORKER TIMEOUT (pid:7056)
[2021-04-24 01:34:38 -0400] [51286] [CRITICAL] WORKER TIMEOUT (pid:7057)
[2021-04-24 01:34:38 -0400] [51286] [CRITICAL] WORKER TIMEOUT (pid:7058)
[2021-04-24 01:34:38 -0400] [51286] [CRITICAL] WORKER TIMEOUT (pid:7059)
[2021-04-24 01:34:38 -0400] [51286] [CRITICAL] WORKER TIMEOUT (pid:7077)
[2021-04-24 01:34:38 -0400] [51286] [CRITICAL] WORKER TIMEOUT (pid:7096)
[2021-04-24 01:50:30 -0400] [51286] [CRITICAL] WORKER TIMEOUT (pid:7114)
[2021-04-24 02:06:21 -0400] [51286] [CRITICAL] WORKER TIMEOUT (pid:7115)
[2021-04-24 02:22:12 -0400] [51286] [CRITICAL] WORKER TIMEOUT (pid:7116)
[2021-04-24 02:38:05 -0400] [51286] [CRITICAL] WORKER TIMEOUT (pid:7117)
[2021-04-24 02:53:55 -0400] [51286] [CRITICAL] WORKER TIMEOUT (pid:7118)
[2021-04-24 03:09:47 -0400] [51286] [CRITICAL] WORKER TIMEOUT (pid:7119)
[2021-04-24 03:09:47 -0400] [51286] [CRITICAL] WORKER TIMEOUT (pid:7120)
[2021-04-24 03:09:47 -0400] [51286] [CRITICAL] WORKER TIMEOUT (pid:7121)
[2021-04-24 03:09:47 -0400] [51286] [CRITICAL] WORKER TIMEOUT (pid:7122)
[2021-04-24 03:09:47 -0400] [51286] [CRITICAL] WORKER TIMEOUT (pid:7143)
[2021-04-24 03:09:47 -0400] [51286] [CRITICAL] WORKER TIMEOUT (pid:7165)
[2021-04-24 03:09:47 -0400] [51286] [CRITICAL] WORKER TIMEOUT (pid:7183)
[2021-04-24 03:09:47 -0400] [51286] [CRITICAL] WORKER TIMEOUT (pid:7200)
[2021-04-24 03:09:47 -0400] [51286] [CRITICAL] WORKER TIMEOUT (pid:7217)
[2021-04-24 03:25:39 -0400] [51286] [CRITICAL] WORKER TIMEOUT (pid:7233)
[2021-04-24 03:25:39 -0400] [51286] [CRITICAL] WORKER TIMEOUT (pid:7234)
[2021-04-24 03:25:39 -0400] [51286] [CRITICAL] WORKER TIMEOUT (pid:7235)
[2021-04-24 03:25:39 -0400] [51286] [CRITICAL] WORKER TIMEOUT (pid:7236)
[2021-04-24 03:25:39 -0400] [51286] [CRITICAL] WORKER TIMEOUT (pid:7237)
[2021-04-24 03:25:39 -0400] [51286] [CRITICAL] WORKER TIMEOUT (pid:7238)
[2021-04-24 03:25:39 -0400] [51286] [CRITICAL] WORKER TIMEOUT (pid:7239)
[2021-04-24 03:25:39 -0400] [51286] [CRITICAL] WORKER TIMEOUT (pid:7240)
[2021-04-24 03:25:39 -0400] [51286] [CRITICAL] WORKER TIMEOUT (pid:7241)
[2021-04-24 03:41:30 -0400] [51286] [CRITICAL] WORKER TIMEOUT (pid:7258)
[2021-04-24 03:41:30 -0400] [51286] [CRITICAL] WORKER TIMEOUT (pid:7261)
[2021-04-24 03:57:21 -0400] [51286] [CRITICAL] WORKER TIMEOUT (pid:7259)
[2021-04-24 03:57:21 -0400] [51286] [CRITICAL] WORKER TIMEOUT (pid:7260)
[2021-04-24 03:57:21 -0400] [51286] [CRITICAL] WORKER TIMEOUT (pid:7262)
[2021-04-24 03:57:21 -0400] [51286] [CRITICAL] WORKER TIMEOUT (pid:7263)
[2021-04-24 03:57:21 -0400] [51286] [CRITICAL] WORKER TIMEOUT (pid:7264)
[2021-04-24 03:57:21 -0400] [51286] [CRITICAL] WORKER TIMEOUT (pid:7265)
[2021-04-24 03:57:21 -0400] [51286] [CRITICAL] WORKER TIMEOUT (pid:7266)
[2021-04-24 03:57:21 -0400] [51286] [CRITICAL] WORKER TIMEOUT (pid:7286)
[2021-04-24 03:57:21 -0400] [51286] [CRITICAL] WORKER TIMEOUT (pid:7287)
[2021-04-24 04:13:13 -0400] [51286] [CRITICAL] WORKER TIMEOUT (pid:7341)
[2021-04-24 04:13:13 -0400] [51286] [CRITICAL] WORKER TIMEOUT (pid:7342)
[2021-04-24 04:13:13 -0400] [51286] [CRITICAL] WORKER TIMEOUT (pid:7343)
[2021-04-24 04:13:13 -0400] [51286] [CRITICAL] WORKER TIMEOUT (pid:7344)
[2021-04-24 04:13:13 -0400] [51286] [CRITICAL] WORKER TIMEOUT (pid:7345)
[2021-04-24 04:13:13 -0400] [51286] [CRITICAL] WORKER TIMEOUT (pid:7346)
[2021-04-24 04:13:13 -0400] [51286] [CRITICAL] WORKER TIMEOUT (pid:7347)
[2021-04-24 04:13:13 -0400] [51286] [CRITICAL] WORKER TIMEOUT (pid:7348)
[2021-04-24 04:13:13 -0400] [51286] [CRITICAL] WORKER TIMEOUT (pid:7349)
[2021-04-24 04:29:04 -0400] [51286] [CRITICAL] WORKER TIMEOUT (pid:7367)
[2021-04-24 04:29:04 -0400] [51286] [CRITICAL] WORKER TIMEOUT (pid:7368)
[2021-04-24 04:29:04 -0400] [51286] [CRITICAL] WORKER TIMEOUT (pid:7369)
[2021-04-24 04:29:04 -0400] [51286] [CRITICAL] WORKER TIMEOUT (pid:7370)
[2021-04-24 04:29:04 -0400] [51286] [CRITICAL] WORKER TIMEOUT (pid:7371)
[2021-04-24 04:29:04 -0400] [51286] [CRITICAL] WORKER TIMEOUT (pid:7372)
[2021-04-24 04:29:04 -0400] [51286] [CRITICAL] WORKER TIMEOUT (pid:7373)
[2021-04-24 04:29:04 -0400] [51286] [CRITICAL] WORKER TIMEOUT (pid:7374)
[2021-04-24 04:29:04 -0400] [51286] [CRITICAL] WORKER TIMEOUT (pid:7375)
[2021-04-24 04:44:55 -0400] [51286] [CRITICAL] WORKER TIMEOUT (pid:7390)
[2021-04-24 05:00:47 -0400] [51286] [CRITICAL] WORKER TIMEOUT (pid:7391)
[2021-04-24 05:16:38 -0400] [51286] [CRITICAL] WORKER TIMEOUT (pid:7392)
[2021-04-24 05:16:38 -0400] [51286] [CRITICAL] WORKER TIMEOUT (pid:7393)
[2021-04-24 05:16:38 -0400] [51286] [CRITICAL] WORKER TIMEOUT (pid:7394)
[2021-04-24 05:16:38 -0400] [51286] [CRITICAL] WORKER TIMEOUT (pid:7395)
[2021-04-24 05:16:38 -0400] [51286] [CRITICAL] WORKER TIMEOUT (pid:7396)
[2021-04-24 05:16:38 -0400] [51286] [CRITICAL] WORKER TIMEOUT (pid:7397)
[2021-04-24 05:16:38 -0400] [51286] [CRITICAL] WORKER TIMEOUT (pid:7398)
[2021-04-24 05:32:29 -0400] [51286] [CRITICAL] WORKER TIMEOUT (pid:7414)
[2021-04-24 05:32:29 -0400] [51286] [CRITICAL] WORKER TIMEOUT (pid:7432)
[2021-04-24 05:32:29 -0400] [51286] [CRITICAL] WORKER TIMEOUT (pid:7449)
[2021-04-24 05:32:29 -0400] [51286] [CRITICAL] WORKER TIMEOUT (pid:7450)
[2021-04-24 05:32:29 -0400] [51286] [CRITICAL] WORKER TIMEOUT (pid:7451)
[2021-04-24 05:32:29 -0400] [51286] [CRITICAL] WORKER TIMEOUT (pid:7452)
[2021-04-24 05:32:29 -0400] [51286] [CRITICAL] WORKER TIMEOUT (pid:7453)
[2021-04-24 05:32:29 -0400] [51286] [CRITICAL] WORKER TIMEOUT (pid:7454)
[2021-04-24 05:32:29 -0400] [51286] [CRITICAL] WORKER TIMEOUT (pid:7455)
[2021-04-24 05:48:19 -0400] [51286] [CRITICAL] WORKER TIMEOUT (pid:7474)
[2021-04-24 05:48:19 -0400] [51286] [CRITICAL] WORKER TIMEOUT (pid:7475)
[2021-04-24 05:48:19 -0400] [51286] [CRITICAL] WORKER TIMEOUT (pid:7476)
[2021-04-24 05:48:19 -0400] [51286] [CRITICAL] WORKER TIMEOUT (pid:7477)
[2021-04-24 05:48:19 -0400] [51286] [CRITICAL] WORKER TIMEOUT (pid:7478)
[2021-04-24 05:48:19 -0400] [51286] [CRITICAL] WORKER TIMEOUT (pid:7479)
[2021-04-24 05:48:19 -0400] [51286] [CRITICAL] WORKER TIMEOUT (pid:7480)
[2021-04-24 05:48:19 -0400] [51286] [CRITICAL] WORKER TIMEOUT (pid:7481)
[2021-04-24 05:48:19 -0400] [51286] [CRITICAL] WORKER TIMEOUT (pid:7482)
[2021-04-24 06:04:11 -0400] [51286] [CRITICAL] WORKER TIMEOUT (pid:7495)
[2021-04-24 06:20:01 -0400] [51286] [CRITICAL] WORKER TIMEOUT (pid:7496)
[2021-04-24 06:20:01 -0400] [51286] [CRITICAL] WORKER TIMEOUT (pid:7500)
[2021-04-24 06:35:52 -0400] [51286] [CRITICAL] WORKER TIMEOUT (pid:7497)
[2021-04-24 06:35:52 -0400] [51286] [CRITICAL] WORKER TIMEOUT (pid:7627)
[2021-04-24 06:51:45 -0400] [51286] [CRITICAL] WORKER TIMEOUT (pid:7498)
[2021-04-24 07:07:36 -0400] [51286] [CRITICAL] WORKER TIMEOUT (pid:7499)
[2021-04-24 07:07:36 -0400] [51286] [CRITICAL] WORKER TIMEOUT (pid:7501)
[2021-04-24 07:07:36 -0400] [51286] [CRITICAL] WORKER TIMEOUT (pid:7502)
[2021-04-24 07:07:36 -0400] [51286] [CRITICAL] WORKER TIMEOUT (pid:7503)
[2021-04-24 07:07:36 -0400] [51286] [CRITICAL] WORKER TIMEOUT (pid:7522)
[2021-04-24 07:07:36 -0400] [51286] [CRITICAL] WORKER TIMEOUT (pid:7626)
[2021-04-24 07:07:36 -0400] [51286] [CRITICAL] WORKER TIMEOUT (pid:7664)
[2021-04-24 07:07:36 -0400] [51286] [CRITICAL] WORKER TIMEOUT (pid:7665)
[2021-04-24 07:07:36 -0400] [51286] [CRITICAL] WORKER TIMEOUT (pid:7679)
[2021-04-24 07:09:01 -0400] [51286] [CRITICAL] WORKER TIMEOUT (pid:7697)
[2021-04-24 07:40:25 -0400] [51286] [CRITICAL] WORKER TIMEOUT (pid:7698)
[2021-04-24 07:56:15 -0400] [51286] [CRITICAL] WORKER TIMEOUT (pid:7699)
[2021-04-24 08:00:00 -0400] [51286] [CRITICAL] WORKER TIMEOUT (pid:7700)
[2021-04-24 09:07:44 -0400] [51286] [CRITICAL] WORKER TIMEOUT (pid:7701)
[2021-04-24 09:13:30 -0400] [51286] [CRITICAL] WORKER TIMEOUT (pid:7702)
[2021-04-24 09:13:30 -0400] [51286] [CRITICAL] WORKER TIMEOUT (pid:7703)
[2021-04-24 09:13:30 -0400] [51286] [CRITICAL] WORKER TIMEOUT (pid:7704)
[2021-04-24 09:13:30 -0400] [51286] [CRITICAL] WORKER TIMEOUT (pid:7705)
[2021-04-24 09:13:30 -0400] [51286] [CRITICAL] WORKER TIMEOUT (pid:7775)
[2021-04-24 09:13:30 -0400] [51286] [CRITICAL] WORKER TIMEOUT (pid:7797)
[2021-04-24 09:13:30 -0400] [51286] [CRITICAL] WORKER TIMEOUT (pid:7835)
[2021-04-24 09:13:30 -0400] [51286] [CRITICAL] WORKER TIMEOUT (pid:7852)
[2021-04-24 09:13:30 -0400] [51286] [CRITICAL] WORKER TIMEOUT (pid:10168)
[2021-04-24 09:19:16 -0400] [51286] [CRITICAL] WORKER TIMEOUT (pid:10184)
[2021-04-24 09:25:03 -0400] [51286] [CRITICAL] WORKER TIMEOUT (pid:10183)
[2021-04-24 09:25:03 -0400] [51286] [CRITICAL] WORKER TIMEOUT (pid:10185)
[2021-04-24 09:25:03 -0400] [51286] [CRITICAL] WORKER TIMEOUT (pid:10186)
[2021-04-24 09:25:03 -0400] [51286] [CRITICAL] WORKER TIMEOUT (pid:10187)
[2021-04-24 09:25:03 -0400] [51286] [CRITICAL] WORKER TIMEOUT (pid:10188)
[2021-04-24 09:25:03 -0400] [51286] [CRITICAL] WORKER TIMEOUT (pid:10189)
[2021-04-24 09:25:03 -0400] [51286] [CRITICAL] WORKER TIMEOUT (pid:10190)
[2021-04-24 09:25:03 -0400] [51286] [CRITICAL] WORKER TIMEOUT (pid:10191)
[2021-04-24 09:25:03 -0400] [51286] [CRITICAL] WORKER TIMEOUT (pid:10212)
[2021-04-24 09:30:49 -0400] [51286] [CRITICAL] WORKER TIMEOUT (pid:10226)
[2021-04-24 09:36:35 -0400] [51286] [CRITICAL] WORKER TIMEOUT (pid:10227)
[2021-04-24 09:36:35 -0400] [51286] [CRITICAL] WORKER TIMEOUT (pid:10228)
[2021-04-24 09:36:35 -0400] [51286] [CRITICAL] WORKER TIMEOUT (pid:10229)
[2021-04-24 09:36:35 -0400] [51286] [CRITICAL] WORKER TIMEOUT (pid:10230)
[2021-04-24 09:36:35 -0400] [51286] [CRITICAL] WORKER TIMEOUT (pid:10231)
[2021-04-24 09:36:35 -0400] [51286] [CRITICAL] WORKER TIMEOUT (pid:10232)
[2021-04-24 09:36:35 -0400] [51286] [CRITICAL] WORKER TIMEOUT (pid:10233)
[2021-04-24 09:36:35 -0400] [51286] [CRITICAL] WORKER TIMEOUT (pid:10234)
[2021-04-24 09:36:35 -0400] [51286] [CRITICAL] WORKER TIMEOUT (pid:10251)
[2021-04-24 09:42:22 -0400] [51286] [CRITICAL] WORKER TIMEOUT (pid:10266)
[2021-04-24 09:48:08 -0400] [51286] [CRITICAL] WORKER TIMEOUT (pid:10267)
[2021-04-24 09:53:54 -0400] [51286] [CRITICAL] WORKER TIMEOUT (pid:10268)
[2021-04-24 09:53:54 -0400] [51286] [CRITICAL] WORKER TIMEOUT (pid:10269)
[2021-04-24 09:53:54 -0400] [51286] [CRITICAL] WORKER TIMEOUT (pid:10271)
[2021-04-24 09:53:54 -0400] [51286] [CRITICAL] WORKER TIMEOUT (pid:10272)
[2021-04-24 09:53:54 -0400] [51286] [CRITICAL] WORKER TIMEOUT (pid:10273)
[2021-04-24 09:53:54 -0400] [51286] [CRITICAL] WORKER TIMEOUT (pid:10274)
[2021-04-24 09:53:54 -0400] [51286] [CRITICAL] WORKER TIMEOUT (pid:10275)
[2021-04-24 09:53:54 -0400] [51286] [CRITICAL] WORKER TIMEOUT (pid:10379)
[2021-04-24 09:53:54 -0400] [51286] [CRITICAL] WORKER TIMEOUT (pid:10403)
[2021-04-24 09:59:41 -0400] [51286] [CRITICAL] WORKER TIMEOUT (pid:10419)
[2021-04-24 10:05:27 -0400] [51286] [CRITICAL] WORKER TIMEOUT (pid:10417)
[2021-04-24 10:05:27 -0400] [51286] [CRITICAL] WORKER TIMEOUT (pid:10421)
[2021-04-24 10:05:27 -0400] [51286] [CRITICAL] WORKER TIMEOUT (pid:10423)
[2021-04-24 10:05:27 -0400] [51286] [CRITICAL] WORKER TIMEOUT (pid:10424)
[2021-04-24 10:05:27 -0400] [51286] [CRITICAL] WORKER TIMEOUT (pid:10444)
[2021-04-24 10:11:13 -0400] [51286] [CRITICAL] WORKER TIMEOUT (pid:10418)
[2021-04-24 10:11:13 -0400] [51286] [CRITICAL] WORKER TIMEOUT (pid:10464)
[2021-04-24 10:17:00 -0400] [51286] [CRITICAL] WORKER TIMEOUT (pid:10422)
[2021-04-24 10:22:49 -0400] [51286] [CRITICAL] WORKER TIMEOUT (pid:10425)
[2021-04-24 10:28:35 -0400] [51286] [CRITICAL] WORKER TIMEOUT (pid:10426)
[2021-04-24 10:28:35 -0400] [51286] [CRITICAL] WORKER TIMEOUT (pid:10460)
[2021-04-24 10:28:35 -0400] [51286] [CRITICAL] WORKER TIMEOUT (pid:10461)
[2021-04-24 10:28:35 -0400] [51286] [CRITICAL] WORKER TIMEOUT (pid:10462)
[2021-04-24 10:28:35 -0400] [51286] [CRITICAL] WORKER TIMEOUT (pid:10463)
[2021-04-24 10:28:35 -0400] [51286] [CRITICAL] WORKER TIMEOUT (pid:10479)
[2021-04-24 10:28:35 -0400] [51286] [CRITICAL] WORKER TIMEOUT (pid:10480)
[2021-04-24 10:28:35 -0400] [51286] [CRITICAL] WORKER TIMEOUT (pid:10502)
[2021-04-24 10:34:21 -0400] [51286] [CRITICAL] WORKER TIMEOUT (pid:13702)
[2021-04-24 10:34:21 -0400] [51286] [CRITICAL] WORKER TIMEOUT (pid:13933)
[2021-04-24 10:34:21 -0400] [51286] [CRITICAL] WORKER TIMEOUT (pid:13934)
[2021-04-24 10:34:21 -0400] [51286] [CRITICAL] WORKER TIMEOUT (pid:13936)
[2021-04-24 10:34:21 -0400] [51286] [CRITICAL] WORKER TIMEOUT (pid:13937)
[2021-04-24 10:34:21 -0400] [51286] [CRITICAL] WORKER TIMEOUT (pid:13938)
[2021-04-24 10:34:21 -0400] [51286] [CRITICAL] WORKER TIMEOUT (pid:13939)
[2021-04-24 10:34:21 -0400] [51286] [CRITICAL] WORKER TIMEOUT (pid:13940)
[2021-04-24 10:34:21 -0400] [51286] [CRITICAL] WORKER TIMEOUT (pid:13941)
[2021-04-24 10:40:09 -0400] [51286] [CRITICAL] WORKER TIMEOUT (pid:13957)
[2021-04-24 10:40:09 -0400] [51286] [CRITICAL] WORKER TIMEOUT (pid:13958)
[2021-04-24 10:40:09 -0400] [51286] [CRITICAL] WORKER TIMEOUT (pid:13959)
[2021-04-24 10:40:09 -0400] [51286] [CRITICAL] WORKER TIMEOUT (pid:13960)
[2021-04-24 10:40:09 -0400] [51286] [CRITICAL] WORKER TIMEOUT (pid:13961)
[2021-04-24 10:40:09 -0400] [51286] [CRITICAL] WORKER TIMEOUT (pid:13962)
[2021-04-24 10:40:09 -0400] [51286] [CRITICAL] WORKER TIMEOUT (pid:13963)
[2021-04-24 10:40:09 -0400] [51286] [CRITICAL] WORKER TIMEOUT (pid:13964)
[2021-04-24 10:40:09 -0400] [51286] [CRITICAL] WORKER TIMEOUT (pid:13965)
[2021-04-24 10:45:55 -0400] [51286] [CRITICAL] WORKER TIMEOUT (pid:13983)
[2021-04-24 10:51:42 -0400] [51286] [CRITICAL] WORKER TIMEOUT (pid:13984)
[2021-04-24 10:51:42 -0400] [51286] [CRITICAL] WORKER TIMEOUT (pid:13985)
[2021-04-24 10:51:42 -0400] [51286] [CRITICAL] WORKER TIMEOUT (pid:13986)
[2021-04-24 10:51:42 -0400] [51286] [CRITICAL] WORKER TIMEOUT (pid:13987)
[2021-04-24 10:51:42 -0400] [51286] [CRITICAL] WORKER TIMEOUT (pid:13988)
[2021-04-24 10:57:29 -0400] [51286] [CRITICAL] WORKER TIMEOUT (pid:13989)
[2021-04-24 11:03:15 -0400] [51286] [CRITICAL] WORKER TIMEOUT (pid:13990)
[2021-04-24 11:03:15 -0400] [51286] [CRITICAL] WORKER TIMEOUT (pid:13991)
[2021-04-24 11:03:15 -0400] [51286] [CRITICAL] WORKER TIMEOUT (pid:14009)
[2021-04-24 11:03:15 -0400] [51286] [CRITICAL] WORKER TIMEOUT (pid:14025)
[2021-04-24 11:03:15 -0400] [51286] [CRITICAL] WORKER TIMEOUT (pid:14026)
[2021-04-24 11:03:15 -0400] [51286] [CRITICAL] WORKER TIMEOUT (pid:14027)
[2021-04-24 11:03:15 -0400] [51286] [CRITICAL] WORKER TIMEOUT (pid:14028)
[2021-04-24 11:03:15 -0400] [51286] [CRITICAL] WORKER TIMEOUT (pid:14029)
[2021-04-24 11:03:15 -0400] [51286] [CRITICAL] WORKER TIMEOUT (pid:14047)
[2021-04-24 11:09:02 -0400] [51286] [CRITICAL] WORKER TIMEOUT (pid:14061)
[2021-04-24 11:09:02 -0400] [51286] [CRITICAL] WORKER TIMEOUT (pid:14062)
[2021-04-24 11:09:02 -0400] [51286] [CRITICAL] WORKER TIMEOUT (pid:14063)
[2021-04-24 11:09:02 -0400] [51286] [CRITICAL] WORKER TIMEOUT (pid:14064)
[2021-04-24 11:09:02 -0400] [51286] [CRITICAL] WORKER TIMEOUT (pid:14065)
[2021-04-24 11:09:02 -0400] [51286] [CRITICAL] WORKER TIMEOUT (pid:14066)
[2021-04-24 11:09:02 -0400] [51286] [CRITICAL] WORKER TIMEOUT (pid:14067)
[2021-04-24 11:09:02 -0400] [51286] [CRITICAL] WORKER TIMEOUT (pid:14068)
[2021-04-24 11:09:02 -0400] [51286] [CRITICAL] WORKER TIMEOUT (pid:14069)
[2021-04-24 11:14:48 -0400] [51286] [CRITICAL] WORKER TIMEOUT (pid:14090)
[2021-04-24 11:20:34 -0400] [51286] [CRITICAL] WORKER TIMEOUT (pid:14092)
[2021-04-24 11:26:21 -0400] [51286] [CRITICAL] WORKER TIMEOUT (pid:14093)
[2021-04-24 11:32:07 -0400] [51286] [CRITICAL] WORKER TIMEOUT (pid:14094)
[2021-04-24 11:32:07 -0400] [51286] [CRITICAL] WORKER TIMEOUT (pid:14116)
[2021-04-24 11:32:07 -0400] [51286] [CRITICAL] WORKER TIMEOUT (pid:14150)
[2021-04-24 11:37:53 -0400] [51286] [CRITICAL] WORKER TIMEOUT (pid:14095)
[2021-04-24 11:37:53 -0400] [51286] [CRITICAL] WORKER TIMEOUT (pid:14096)
[2021-04-24 11:37:53 -0400] [51286] [CRITICAL] WORKER TIMEOUT (pid:14097)
[2021-04-24 11:37:53 -0400] [51286] [CRITICAL] WORKER TIMEOUT (pid:14098)
[2021-04-24 11:37:53 -0400] [51286] [CRITICAL] WORKER TIMEOUT (pid:14099)
[2021-04-24 11:37:53 -0400] [51286] [CRITICAL] WORKER TIMEOUT (pid:14130)
[2021-04-24 11:37:53 -0400] [51286] [CRITICAL] WORKER TIMEOUT (pid:14165)
[2021-04-24 11:37:53 -0400] [51286] [CRITICAL] WORKER TIMEOUT (pid:14166)
[2021-04-24 11:37:53 -0400] [51286] [CRITICAL] WORKER TIMEOUT (pid:14167)
[2021-04-24 11:43:39 -0400] [51286] [CRITICAL] WORKER TIMEOUT (pid:14185)
[2021-04-24 11:49:25 -0400] [51286] [CRITICAL] WORKER TIMEOUT (pid:14186)
[2021-04-24 11:55:11 -0400] [51286] [CRITICAL] WORKER TIMEOUT (pid:14187)
[2021-04-24 11:55:11 -0400] [51286] [CRITICAL] WORKER TIMEOUT (pid:14188)
[2021-04-24 11:55:11 -0400] [51286] [CRITICAL] WORKER TIMEOUT (pid:14189)
[2021-04-24 11:55:11 -0400] [51286] [CRITICAL] WORKER TIMEOUT (pid:14190)
[2021-04-24 11:55:11 -0400] [51286] [CRITICAL] WORKER TIMEOUT (pid:14191)
[2021-04-24 11:55:11 -0400] [51286] [CRITICAL] WORKER TIMEOUT (pid:14192)
[2021-04-24 11:55:11 -0400] [51286] [CRITICAL] WORKER TIMEOUT (pid:14193)
[2021-04-24 12:00:57 -0400] [51286] [CRITICAL] WORKER TIMEOUT (pid:14207)
[2021-04-24 12:06:43 -0400] [51286] [CRITICAL] WORKER TIMEOUT (pid:14223)
[2021-04-24 12:12:29 -0400] [51286] [CRITICAL] WORKER TIMEOUT (pid:14476)
[2021-04-24 12:18:15 -0400] [51286] [CRITICAL] WORKER TIMEOUT (pid:14479)
[2021-04-24 12:18:15 -0400] [51286] [CRITICAL] WORKER TIMEOUT (pid:14480)
[2021-04-24 12:18:15 -0400] [51286] [CRITICAL] WORKER TIMEOUT (pid:14481)
[2021-04-24 12:18:15 -0400] [51286] [CRITICAL] WORKER TIMEOUT (pid:14482)
[2021-04-24 12:18:15 -0400] [51286] [CRITICAL] WORKER TIMEOUT (pid:14487)
[2021-04-24 12:18:15 -0400] [51286] [CRITICAL] WORKER TIMEOUT (pid:14488)
[2021-04-24 12:18:15 -0400] [51286] [CRITICAL] WORKER TIMEOUT (pid:15156)
[2021-04-24 12:18:15 -0400] [51286] [CRITICAL] WORKER TIMEOUT (pid:15288)
[2021-04-24 12:18:15 -0400] [51286] [CRITICAL] WORKER TIMEOUT (pid:15504)
[2021-04-24 12:24:01 -0400] [51286] [CRITICAL] WORKER TIMEOUT (pid:15524)
[2021-04-24 12:29:47 -0400] [51286] [CRITICAL] WORKER TIMEOUT (pid:15525)
[2021-04-24 12:35:33 -0400] [51286] [CRITICAL] WORKER TIMEOUT (pid:15526)
[2021-04-24 12:41:19 -0400] [51286] [CRITICAL] WORKER TIMEOUT (pid:15527)
[2021-04-24 12:41:19 -0400] [51286] [CRITICAL] WORKER TIMEOUT (pid:15528)
[2021-04-24 12:41:19 -0400] [51286] [CRITICAL] WORKER TIMEOUT (pid:15529)
[2021-04-24 12:41:19 -0400] [51286] [CRITICAL] WORKER TIMEOUT (pid:15530)
[2021-04-24 12:41:19 -0400] [51286] [CRITICAL] WORKER TIMEOUT (pid:15531)
[2021-04-24 12:41:19 -0400] [51286] [CRITICAL] WORKER TIMEOUT (pid:15532)
[2021-04-24 12:41:19 -0400] [51286] [CRITICAL] WORKER TIMEOUT (pid:16135)
[2021-04-24 12:41:19 -0400] [51286] [CRITICAL] WORKER TIMEOUT (pid:16239)
[2021-04-24 12:41:19 -0400] [51286] [CRITICAL] WORKER TIMEOUT (pid:16391)
[2021-04-24 12:47:05 -0400] [51286] [CRITICAL] WORKER TIMEOUT (pid:16405)
[2021-04-24 12:52:52 -0400] [51286] [CRITICAL] WORKER TIMEOUT (pid:16406)
[2021-04-24 12:52:52 -0400] [51286] [CRITICAL] WORKER TIMEOUT (pid:16407)
[2021-04-24 12:52:52 -0400] [51286] [CRITICAL] WORKER TIMEOUT (pid:16408)
[2021-04-24 12:52:52 -0400] [51286] [CRITICAL] WORKER TIMEOUT (pid:16409)
[2021-04-24 12:52:52 -0400] [51286] [CRITICAL] WORKER TIMEOUT (pid:16410)
[2021-04-24 12:52:52 -0400] [51286] [CRITICAL] WORKER TIMEOUT (pid:16411)
[2021-04-24 12:52:52 -0400] [51286] [CRITICAL] WORKER TIMEOUT (pid:16414)
[2021-04-24 12:52:52 -0400] [51286] [CRITICAL] WORKER TIMEOUT (pid:16416)
[2021-04-24 12:52:52 -0400] [51286] [CRITICAL] WORKER TIMEOUT (pid:16435)
[2021-04-24 12:58:38 -0400] [51286] [CRITICAL] WORKER TIMEOUT (pid:16449)
[2021-04-24 13:04:24 -0400] [51286] [CRITICAL] WORKER TIMEOUT (pid:16451)
[2021-04-24 13:04:24 -0400] [51286] [CRITICAL] WORKER TIMEOUT (pid:16452)
[2021-04-24 13:04:24 -0400] [51286] [CRITICAL] WORKER TIMEOUT (pid:16453)
[2021-04-24 13:04:24 -0400] [51286] [CRITICAL] WORKER TIMEOUT (pid:16454)
[2021-04-24 13:04:24 -0400] [51286] [CRITICAL] WORKER TIMEOUT (pid:16455)
[2021-04-24 13:04:24 -0400] [51286] [CRITICAL] WORKER TIMEOUT (pid:16456)
[2021-04-24 13:04:24 -0400] [51286] [CRITICAL] WORKER TIMEOUT (pid:16457)
[2021-04-24 13:04:24 -0400] [51286] [CRITICAL] WORKER TIMEOUT (pid:16458)
[2021-04-24 13:10:11 -0400] [51286] [CRITICAL] WORKER TIMEOUT (pid:16481)
[2021-04-24 13:19:32 -0400] [51286] [CRITICAL] WORKER TIMEOUT (pid:16495)
[2021-04-24 13:19:32 -0400] [51286] [CRITICAL] WORKER TIMEOUT (pid:16497)
[2021-04-24 13:19:32 -0400] [51286] [CRITICAL] WORKER TIMEOUT (pid:16498)
[2021-04-24 13:19:32 -0400] [51286] [CRITICAL] WORKER TIMEOUT (pid:16502)
[2021-04-24 13:25:19 -0400] [51286] [CRITICAL] WORKER TIMEOUT (pid:16496)
[2021-04-24 13:31:05 -0400] [51286] [CRITICAL] WORKER TIMEOUT (pid:16499)
[2021-04-24 13:31:05 -0400] [51286] [CRITICAL] WORKER TIMEOUT (pid:16593)
[2021-04-24 13:36:51 -0400] [51286] [CRITICAL] WORKER TIMEOUT (pid:16500)
[2021-04-24 13:36:51 -0400] [51286] [CRITICAL] WORKER TIMEOUT (pid:16501)
[2021-04-24 13:36:51 -0400] [51286] [CRITICAL] WORKER TIMEOUT (pid:16524)
[2021-04-24 13:36:51 -0400] [51286] [CRITICAL] WORKER TIMEOUT (pid:16591)
[2021-04-24 13:36:51 -0400] [51286] [CRITICAL] WORKER TIMEOUT (pid:16592)
[2021-04-24 13:42:38 -0400] [51286] [CRITICAL] WORKER TIMEOUT (pid:16594)
[2021-04-24 13:48:24 -0400] [51286] [CRITICAL] WORKER TIMEOUT (pid:16610)
[2021-04-24 13:48:24 -0400] [51286] [CRITICAL] WORKER TIMEOUT (pid:16624)
[2021-04-24 13:48:24 -0400] [51286] [CRITICAL] WORKER TIMEOUT (pid:16647)
[2021-04-24 13:54:10 -0400] [51286] [CRITICAL] WORKER TIMEOUT (pid:16625)
[2021-04-24 13:54:10 -0400] [51286] [CRITICAL] WORKER TIMEOUT (pid:16645)
[2021-04-24 13:54:10 -0400] [51286] [CRITICAL] WORKER TIMEOUT (pid:16646)
[2021-04-24 13:54:10 -0400] [51286] [CRITICAL] WORKER TIMEOUT (pid:16648)
[2021-04-24 13:54:10 -0400] [51286] [CRITICAL] WORKER TIMEOUT (pid:16650)
[2021-04-24 13:54:10 -0400] [51286] [CRITICAL] WORKER TIMEOUT (pid:16668)
[2021-04-24 13:54:10 -0400] [51286] [CRITICAL] WORKER TIMEOUT (pid:16682)
[2021-04-24 13:54:10 -0400] [51286] [CRITICAL] WORKER TIMEOUT (pid:16683)
[2021-04-24 13:54:10 -0400] [51286] [CRITICAL] WORKER TIMEOUT (pid:16684)
[2021-04-24 13:59:57 -0400] [51286] [CRITICAL] WORKER TIMEOUT (pid:16705)
[2021-04-24 14:05:43 -0400] [51286] [CRITICAL] WORKER TIMEOUT (pid:16704)
[2021-04-24 14:05:43 -0400] [51286] [CRITICAL] WORKER TIMEOUT (pid:16708)
[2021-04-24 14:05:43 -0400] [51286] [CRITICAL] WORKER TIMEOUT (pid:16712)
[2021-04-24 14:11:29 -0400] [51286] [CRITICAL] WORKER TIMEOUT (pid:16706)
[2021-04-24 14:11:29 -0400] [51286] [CRITICAL] WORKER TIMEOUT (pid:16709)
[2021-04-24 14:11:29 -0400] [51286] [CRITICAL] WORKER TIMEOUT (pid:16828)
[2021-04-24 14:11:29 -0400] [51286] [CRITICAL] WORKER TIMEOUT (pid:16830)
[2021-04-24 14:17:16 -0400] [51286] [CRITICAL] WORKER TIMEOUT (pid:16707)
[2021-04-24 14:17:16 -0400] [51286] [CRITICAL] WORKER TIMEOUT (pid:16710)
[2021-04-24 14:17:16 -0400] [51286] [CRITICAL] WORKER TIMEOUT (pid:16711)
[2021-04-24 14:17:16 -0400] [51286] [CRITICAL] WORKER TIMEOUT (pid:16813)
[2021-04-24 14:17:16 -0400] [51286] [CRITICAL] WORKER TIMEOUT (pid:16829)
[2021-04-24 14:23:03 -0400] [51286] [CRITICAL] WORKER TIMEOUT (pid:16844)
[2021-04-24 14:23:03 -0400] [51286] [CRITICAL] WORKER TIMEOUT (pid:16845)
[2021-04-24 14:23:03 -0400] [51286] [CRITICAL] WORKER TIMEOUT (pid:16846)
[2021-04-24 14:23:03 -0400] [51286] [CRITICAL] WORKER TIMEOUT (pid:16847)
[2021-04-24 14:23:03 -0400] [51286] [CRITICAL] WORKER TIMEOUT (pid:16868)
[2021-04-24 14:23:03 -0400] [51286] [CRITICAL] WORKER TIMEOUT (pid:16869)
[2021-04-24 14:23:03 -0400] [51286] [CRITICAL] WORKER TIMEOUT (pid:16870)
[2021-04-24 14:23:03 -0400] [51286] [CRITICAL] WORKER TIMEOUT (pid:16871)
[2021-04-24 14:23:03 -0400] [51286] [CRITICAL] WORKER TIMEOUT (pid:16872)
[2021-04-24 14:28:49 -0400] [51286] [CRITICAL] WORKER TIMEOUT (pid:16887)
[2021-04-24 14:34:40 -0400] [51286] [CRITICAL] WORKER TIMEOUT (pid:16889)
[2021-04-24 14:34:40 -0400] [51286] [CRITICAL] WORKER TIMEOUT (pid:16890)
[2021-04-24 14:34:40 -0400] [51286] [CRITICAL] WORKER TIMEOUT (pid:16891)
[2021-04-24 14:34:40 -0400] [51286] [CRITICAL] WORKER TIMEOUT (pid:16892)
[2021-04-24 14:34:40 -0400] [51286] [CRITICAL] WORKER TIMEOUT (pid:16893)
[2021-04-24 14:34:40 -0400] [51286] [CRITICAL] WORKER TIMEOUT (pid:16894)
[2021-04-24 14:34:40 -0400] [51286] [CRITICAL] WORKER TIMEOUT (pid:16895)
[2021-04-24 14:34:40 -0400] [51286] [CRITICAL] WORKER TIMEOUT (pid:16896)
[2021-04-24 14:41:50 -0400] [51286] [CRITICAL] WORKER TIMEOUT (pid:16909)
[2021-04-24 14:47:36 -0400] [51286] [CRITICAL] WORKER TIMEOUT (pid:16930)
[2021-04-24 14:53:22 -0400] [51286] [CRITICAL] WORKER TIMEOUT (pid:16931)
[2021-04-24 14:53:22 -0400] [51286] [CRITICAL] WORKER TIMEOUT (pid:16933)
[2021-04-24 14:53:22 -0400] [51286] [CRITICAL] WORKER TIMEOUT (pid:16934)
[2021-04-24 14:53:22 -0400] [51286] [CRITICAL] WORKER TIMEOUT (pid:16935)
[2021-04-24 14:53:22 -0400] [51286] [CRITICAL] WORKER TIMEOUT (pid:16936)
[2021-04-24 14:53:22 -0400] [51286] [CRITICAL] WORKER TIMEOUT (pid:16937)
[2021-04-24 14:53:22 -0400] [51286] [CRITICAL] WORKER TIMEOUT (pid:16938)
[2021-04-24 14:53:22 -0400] [51286] [CRITICAL] WORKER TIMEOUT (pid:17039)
[2021-04-24 14:59:09 -0400] [51286] [CRITICAL] WORKER TIMEOUT (pid:17052)
[2021-04-24 14:59:09 -0400] [51286] [CRITICAL] WORKER TIMEOUT (pid:17067)
[2021-04-24 14:59:09 -0400] [51286] [CRITICAL] WORKER TIMEOUT (pid:17068)
[2021-04-24 14:59:09 -0400] [51286] [CRITICAL] WORKER TIMEOUT (pid:17069)
[2021-04-24 14:59:09 -0400] [51286] [CRITICAL] WORKER TIMEOUT (pid:17070)
[2021-04-24 14:59:09 -0400] [51286] [CRITICAL] WORKER TIMEOUT (pid:17071)
[2021-04-24 14:59:09 -0400] [51286] [CRITICAL] WORKER TIMEOUT (pid:17072)
[2021-04-24 14:59:09 -0400] [51286] [CRITICAL] WORKER TIMEOUT (pid:17073)
[2021-04-24 14:59:09 -0400] [51286] [CRITICAL] WORKER TIMEOUT (pid:17074)
[2021-04-24 15:04:55 -0400] [51286] [CRITICAL] WORKER TIMEOUT (pid:17091)
[2021-04-24 15:04:55 -0400] [51286] [CRITICAL] WORKER TIMEOUT (pid:17095)
[2021-04-24 15:04:55 -0400] [51286] [CRITICAL] WORKER TIMEOUT (pid:17097)
[2021-04-24 15:04:55 -0400] [51286] [CRITICAL] WORKER TIMEOUT (pid:17098)
[2021-04-24 15:04:55 -0400] [51286] [CRITICAL] WORKER TIMEOUT (pid:17099)
[2021-04-24 15:10:41 -0400] [51286] [CRITICAL] WORKER TIMEOUT (pid:17092)
[2021-04-24 15:16:27 -0400] [51286] [CRITICAL] WORKER TIMEOUT (pid:17093)
[2021-04-24 15:22:13 -0400] [51286] [CRITICAL] WORKER TIMEOUT (pid:17094)
[2021-04-24 15:22:13 -0400] [51286] [CRITICAL] WORKER TIMEOUT (pid:17118)
[2021-04-24 15:22:13 -0400] [51286] [CRITICAL] WORKER TIMEOUT (pid:17158)
[2021-04-24 15:27:59 -0400] [51286] [CRITICAL] WORKER TIMEOUT (pid:17096)
[2021-04-24 15:33:45 -0400] [51286] [CRITICAL] WORKER TIMEOUT (pid:17114)
[2021-04-24 15:39:31 -0400] [51286] [CRITICAL] WORKER TIMEOUT (pid:17115)
[2021-04-24 15:39:31 -0400] [51286] [CRITICAL] WORKER TIMEOUT (pid:17116)
[2021-04-24 15:39:31 -0400] [51286] [CRITICAL] WORKER TIMEOUT (pid:17117)
[2021-04-24 15:39:31 -0400] [51286] [CRITICAL] WORKER TIMEOUT (pid:17136)
[2021-04-24 15:39:31 -0400] [51286] [CRITICAL] WORKER TIMEOUT (pid:17174)
[2021-04-24 15:39:31 -0400] [51286] [CRITICAL] WORKER TIMEOUT (pid:17175)
[2021-04-24 15:39:31 -0400] [51286] [CRITICAL] WORKER TIMEOUT (pid:17176)
[2021-04-24 15:39:31 -0400] [51286] [CRITICAL] WORKER TIMEOUT (pid:17190)
[2021-04-24 15:45:17 -0400] [51286] [CRITICAL] WORKER TIMEOUT (pid:17208)
[2021-04-24 15:45:17 -0400] [51286] [CRITICAL] WORKER TIMEOUT (pid:17222)
[2021-04-24 15:45:17 -0400] [51286] [CRITICAL] WORKER TIMEOUT (pid:17223)
[2021-04-24 15:45:17 -0400] [51286] [CRITICAL] WORKER TIMEOUT (pid:17224)
[2021-04-24 15:45:17 -0400] [51286] [CRITICAL] WORKER TIMEOUT (pid:17225)
[2021-04-24 15:45:17 -0400] [51286] [CRITICAL] WORKER TIMEOUT (pid:17226)
[2021-04-24 15:45:17 -0400] [51286] [CRITICAL] WORKER TIMEOUT (pid:17227)
[2021-04-24 15:45:17 -0400] [51286] [CRITICAL] WORKER TIMEOUT (pid:17228)
[2021-04-24 15:51:03 -0400] [51286] [CRITICAL] WORKER TIMEOUT (pid:17221)
[2021-04-24 15:51:03 -0400] [51286] [CRITICAL] WORKER TIMEOUT (pid:17244)
[2021-04-24 15:51:03 -0400] [51286] [CRITICAL] WORKER TIMEOUT (pid:17246)
[2021-04-24 15:51:03 -0400] [51286] [CRITICAL] WORKER TIMEOUT (pid:17247)
[2021-04-24 15:51:03 -0400] [51286] [CRITICAL] WORKER TIMEOUT (pid:17248)
[2021-04-24 15:51:03 -0400] [51286] [CRITICAL] WORKER TIMEOUT (pid:17249)
[2021-04-24 15:51:03 -0400] [51286] [CRITICAL] WORKER TIMEOUT (pid:17250)
[2021-04-24 15:51:03 -0400] [51286] [CRITICAL] WORKER TIMEOUT (pid:17251)
[2021-04-24 15:51:03 -0400] [51286] [CRITICAL] WORKER TIMEOUT (pid:17252)
[2021-04-24 15:56:49 -0400] [51286] [CRITICAL] WORKER TIMEOUT (pid:17271)
[2021-04-24 15:56:49 -0400] [51286] [CRITICAL] WORKER TIMEOUT (pid:17272)
[2021-04-24 15:56:49 -0400] [51286] [CRITICAL] WORKER TIMEOUT (pid:17273)
[2021-04-24 15:56:49 -0400] [51286] [CRITICAL] WORKER TIMEOUT (pid:17275)
[2021-04-24 15:56:49 -0400] [51286] [CRITICAL] WORKER TIMEOUT (pid:17277)
[2021-04-24 15:56:49 -0400] [51286] [CRITICAL] WORKER TIMEOUT (pid:17278)
[2021-04-24 15:56:49 -0400] [51286] [CRITICAL] WORKER TIMEOUT (pid:17279)
[2021-04-24 15:56:49 -0400] [51286] [CRITICAL] WORKER TIMEOUT (pid:17280)
[2021-04-24 15:56:49 -0400] [51286] [CRITICAL] WORKER TIMEOUT (pid:17281)
[2021-04-24 16:02:35 -0400] [51286] [CRITICAL] WORKER TIMEOUT (pid:17380)
[2021-04-24 16:02:35 -0400] [51286] [CRITICAL] WORKER TIMEOUT (pid:17381)
[2021-04-24 16:02:35 -0400] [51286] [CRITICAL] WORKER TIMEOUT (pid:17382)
[2021-04-24 16:02:35 -0400] [51286] [CRITICAL] WORKER TIMEOUT (pid:17383)
[2021-04-24 16:02:35 -0400] [51286] [CRITICAL] WORKER TIMEOUT (pid:17384)
[2021-04-24 16:02:35 -0400] [51286] [CRITICAL] WORKER TIMEOUT (pid:17385)
[2021-04-24 16:02:35 -0400] [51286] [CRITICAL] WORKER TIMEOUT (pid:17386)
[2021-04-24 16:02:35 -0400] [51286] [CRITICAL] WORKER TIMEOUT (pid:17387)
[2021-04-24 16:02:35 -0400] [51286] [CRITICAL] WORKER TIMEOUT (pid:17388)
[2021-04-24 16:08:22 -0400] [51286] [CRITICAL] WORKER TIMEOUT (pid:17405)
[2021-04-24 16:14:08 -0400] [51286] [CRITICAL] WORKER TIMEOUT (pid:17406)
[2021-04-24 16:14:08 -0400] [51286] [CRITICAL] WORKER TIMEOUT (pid:17407)
[2021-04-24 16:14:08 -0400] [51286] [CRITICAL] WORKER TIMEOUT (pid:17408)
[2021-04-24 16:19:54 -0400] [51286] [CRITICAL] WORKER TIMEOUT (pid:17409)
[2021-04-24 16:19:54 -0400] [51286] [CRITICAL] WORKER TIMEOUT (pid:17411)
[2021-04-24 16:19:54 -0400] [51286] [CRITICAL] WORKER TIMEOUT (pid:17412)
[2021-04-24 16:19:54 -0400] [51286] [CRITICAL] WORKER TIMEOUT (pid:17413)
[2021-04-24 16:19:54 -0400] [51286] [CRITICAL] WORKER TIMEOUT (pid:17447)
[2021-04-24 16:25:41 -0400] [51286] [CRITICAL] WORKER TIMEOUT (pid:17410)
[2021-04-24 16:25:41 -0400] [51286] [CRITICAL] WORKER TIMEOUT (pid:17429)
[2021-04-24 16:25:41 -0400] [51286] [CRITICAL] WORKER TIMEOUT (pid:17445)
[2021-04-24 16:25:41 -0400] [51286] [CRITICAL] WORKER TIMEOUT (pid:17446)
[2021-04-24 16:25:41 -0400] [51286] [CRITICAL] WORKER TIMEOUT (pid:17463)
[2021-04-24 16:25:41 -0400] [51286] [CRITICAL] WORKER TIMEOUT (pid:17464)
[2021-04-24 16:25:41 -0400] [51286] [CRITICAL] WORKER TIMEOUT (pid:17465)
[2021-04-24 16:25:41 -0400] [51286] [CRITICAL] WORKER TIMEOUT (pid:17466)
[2021-04-24 16:25:41 -0400] [51286] [CRITICAL] WORKER TIMEOUT (pid:17467)
[2021-04-24 16:31:27 -0400] [51286] [CRITICAL] WORKER TIMEOUT (pid:17486)
[2021-04-24 16:31:27 -0400] [51286] [CRITICAL] WORKER TIMEOUT (pid:17487)
[2021-04-24 16:31:27 -0400] [51286] [CRITICAL] WORKER TIMEOUT (pid:17488)
[2021-04-24 16:31:27 -0400] [51286] [CRITICAL] WORKER TIMEOUT (pid:17489)
[2021-04-24 16:31:27 -0400] [51286] [CRITICAL] WORKER TIMEOUT (pid:17490)
[2021-04-24 16:31:27 -0400] [51286] [CRITICAL] WORKER TIMEOUT (pid:17491)
[2021-04-24 16:31:27 -0400] [51286] [CRITICAL] WORKER TIMEOUT (pid:17492)
[2021-04-24 16:31:27 -0400] [51286] [CRITICAL] WORKER TIMEOUT (pid:17493)
[2021-04-24 16:31:27 -0400] [51286] [CRITICAL] WORKER TIMEOUT (pid:17494)
[2021-04-24 16:37:13 -0400] [51286] [CRITICAL] WORKER TIMEOUT (pid:17511)
[2021-04-24 16:42:59 -0400] [51286] [CRITICAL] WORKER TIMEOUT (pid:17512)
[2021-04-24 16:42:59 -0400] [51286] [CRITICAL] WORKER TIMEOUT (pid:17513)
[2021-04-24 16:42:59 -0400] [51286] [CRITICAL] WORKER TIMEOUT (pid:17514)
[2021-04-24 16:42:59 -0400] [51286] [CRITICAL] WORKER TIMEOUT (pid:17515)
[2021-04-24 16:42:59 -0400] [51286] [CRITICAL] WORKER TIMEOUT (pid:17516)
[2021-04-24 16:42:59 -0400] [51286] [CRITICAL] WORKER TIMEOUT (pid:17517)
[2021-04-24 16:42:59 -0400] [51286] [CRITICAL] WORKER TIMEOUT (pid:17518)
[2021-04-24 16:42:59 -0400] [51286] [CRITICAL] WORKER TIMEOUT (pid:17519)
[2021-04-24 16:42:59 -0400] [51286] [CRITICAL] WORKER TIMEOUT (pid:17535)
[2021-04-24 16:48:45 -0400] [51286] [CRITICAL] WORKER TIMEOUT (pid:17554)
[2021-04-24 16:48:45 -0400] [51286] [CRITICAL] WORKER TIMEOUT (pid:17562)
[2021-04-24 16:54:31 -0400] [51286] [CRITICAL] WORKER TIMEOUT (pid:17555)
[2021-04-24 16:54:31 -0400] [51286] [CRITICAL] WORKER TIMEOUT (pid:17556)
[2021-04-24 16:54:31 -0400] [51286] [CRITICAL] WORKER TIMEOUT (pid:17557)
[2021-04-24 16:54:31 -0400] [51286] [CRITICAL] WORKER TIMEOUT (pid:17558)
[2021-04-24 16:54:31 -0400] [51286] [CRITICAL] WORKER TIMEOUT (pid:17559)
[2021-04-24 16:54:31 -0400] [51286] [CRITICAL] WORKER TIMEOUT (pid:17560)
[2021-04-24 17:00:17 -0400] [51286] [CRITICAL] WORKER TIMEOUT (pid:17561)
[2021-04-24 17:00:17 -0400] [51286] [CRITICAL] WORKER TIMEOUT (pid:17576)
[2021-04-24 17:00:17 -0400] [51286] [CRITICAL] WORKER TIMEOUT (pid:17577)
[2021-04-24 17:00:17 -0400] [51286] [CRITICAL] WORKER TIMEOUT (pid:17597)
[2021-04-24 17:00:17 -0400] [51286] [CRITICAL] WORKER TIMEOUT (pid:17598)
[2021-04-24 17:00:17 -0400] [51286] [CRITICAL] WORKER TIMEOUT (pid:17600)
[2021-04-24 17:00:17 -0400] [51286] [CRITICAL] WORKER TIMEOUT (pid:17601)
[2021-04-24 17:00:17 -0400] [51286] [CRITICAL] WORKER TIMEOUT (pid:17602)
[2021-04-24 17:00:17 -0400] [51286] [CRITICAL] WORKER TIMEOUT (pid:17603)
[2021-04-24 17:06:03 -0400] [51286] [CRITICAL] WORKER TIMEOUT (pid:17617)
[2021-04-24 17:06:03 -0400] [51286] [CRITICAL] WORKER TIMEOUT (pid:17618)
[2021-04-24 17:06:03 -0400] [51286] [CRITICAL] WORKER TIMEOUT (pid:17619)
[2021-04-24 17:06:03 -0400] [51286] [CRITICAL] WORKER TIMEOUT (pid:17620)
[2021-04-24 17:06:03 -0400] [51286] [CRITICAL] WORKER TIMEOUT (pid:17621)
[2021-04-24 17:06:03 -0400] [51286] [CRITICAL] WORKER TIMEOUT (pid:17622)
[2021-04-24 17:06:03 -0400] [51286] [CRITICAL] WORKER TIMEOUT (pid:17623)
[2021-04-24 17:06:03 -0400] [51286] [CRITICAL] WORKER TIMEOUT (pid:17624)
[2021-04-24 17:06:03 -0400] [51286] [CRITICAL] WORKER TIMEOUT (pid:17625)
[2021-04-24 17:11:49 -0400] [51286] [CRITICAL] WORKER TIMEOUT (pid:17639)
[2021-04-24 17:17:35 -0400] [51286] [CRITICAL] WORKER TIMEOUT (pid:17640)
[2021-04-24 17:17:35 -0400] [51286] [CRITICAL] WORKER TIMEOUT (pid:17641)
[2021-04-24 17:17:35 -0400] [51286] [CRITICAL] WORKER TIMEOUT (pid:17642)
[2021-04-24 17:23:21 -0400] [51286] [CRITICAL] WORKER TIMEOUT (pid:17643)
[2021-04-24 17:29:07 -0400] [51286] [CRITICAL] WORKER TIMEOUT (pid:17644)
[2021-04-24 17:29:07 -0400] [51286] [CRITICAL] WORKER TIMEOUT (pid:17645)
[2021-04-24 17:29:07 -0400] [51286] [CRITICAL] WORKER TIMEOUT (pid:17646)
[2021-04-24 17:29:07 -0400] [51286] [CRITICAL] WORKER TIMEOUT (pid:17647)
[2021-04-24 17:29:07 -0400] [51286] [CRITICAL] WORKER TIMEOUT (pid:17665)
[2021-04-24 17:29:07 -0400] [51286] [CRITICAL] WORKER TIMEOUT (pid:17684)
[2021-04-24 17:29:07 -0400] [51286] [CRITICAL] WORKER TIMEOUT (pid:17685)
[2021-04-24 17:29:07 -0400] [51286] [CRITICAL] WORKER TIMEOUT (pid:17686)
[2021-04-24 17:29:07 -0400] [51286] [CRITICAL] WORKER TIMEOUT (pid:17712)
[2021-04-24 17:34:53 -0400] [51286] [CRITICAL] WORKER TIMEOUT (pid:17729)
[2021-04-24 17:34:53 -0400] [51286] [CRITICAL] WORKER TIMEOUT (pid:17730)
[2021-04-24 17:34:53 -0400] [51286] [CRITICAL] WORKER TIMEOUT (pid:17731)
[2021-04-24 17:34:53 -0400] [51286] [CRITICAL] WORKER TIMEOUT (pid:17733)
[2021-04-24 17:34:53 -0400] [51286] [CRITICAL] WORKER TIMEOUT (pid:17735)
[2021-04-24 17:34:53 -0400] [51286] [CRITICAL] WORKER TIMEOUT (pid:17736)
[2021-04-24 17:34:53 -0400] [51286] [CRITICAL] WORKER TIMEOUT (pid:17737)
[2021-04-24 17:34:53 -0400] [51286] [CRITICAL] WORKER TIMEOUT (pid:17738)
[2021-04-24 17:34:53 -0400] [51286] [CRITICAL] WORKER TIMEOUT (pid:17739)
[2021-04-24 18:00:17 -0400] [51286] [CRITICAL] WORKER TIMEOUT (pid:17757)
[2021-04-24 18:00:17 -0400] [51286] [CRITICAL] WORKER TIMEOUT (pid:17758)
[2021-04-24 18:00:17 -0400] [51286] [CRITICAL] WORKER TIMEOUT (pid:17760)
[2021-04-24 18:00:17 -0400] [51286] [CRITICAL] WORKER TIMEOUT (pid:17761)
[2021-04-24 18:00:17 -0400] [51286] [CRITICAL] WORKER TIMEOUT (pid:17764)
[2021-04-24 18:00:17 -0400] [51286] [CRITICAL] WORKER TIMEOUT (pid:17765)
[2021-04-24 18:00:17 -0400] [51286] [CRITICAL] WORKER TIMEOUT (pid:17766)
[2021-04-24 18:21:09 -0400] [51286] [CRITICAL] WORKER TIMEOUT (pid:17759)
[2021-04-24 18:21:09 -0400] [51286] [CRITICAL] WORKER TIMEOUT (pid:17762)
[2021-04-24 18:21:09 -0400] [51286] [CRITICAL] WORKER TIMEOUT (pid:18009)
[2021-04-24 18:21:09 -0400] [51286] [CRITICAL] WORKER TIMEOUT (pid:18010)
[2021-04-24 18:21:09 -0400] [51286] [CRITICAL] WORKER TIMEOUT (pid:18011)
[2021-04-24 18:21:09 -0400] [51286] [CRITICAL] WORKER TIMEOUT (pid:18012)
[2021-04-24 18:42:00 -0400] [51286] [CRITICAL] WORKER TIMEOUT (pid:18013)
[2021-04-24 19:02:50 -0400] [51286] [CRITICAL] WORKER TIMEOUT (pid:18014)
[2021-04-24 19:02:50 -0400] [51286] [CRITICAL] WORKER TIMEOUT (pid:18036)
[2021-04-24 19:18:41 -0400] [51286] [CRITICAL] WORKER TIMEOUT (pid:18015)
[2021-04-24 19:18:41 -0400] [51286] [CRITICAL] WORKER TIMEOUT (pid:18032)
[2021-04-24 19:18:41 -0400] [51286] [CRITICAL] WORKER TIMEOUT (pid:18033)
[2021-04-24 19:18:41 -0400] [51286] [CRITICAL] WORKER TIMEOUT (pid:18034)
[2021-04-24 19:18:41 -0400] [51286] [CRITICAL] WORKER TIMEOUT (pid:18035)
[2021-04-24 19:18:41 -0400] [51286] [CRITICAL] WORKER TIMEOUT (pid:18037)
[2021-04-24 19:18:41 -0400] [51286] [CRITICAL] WORKER TIMEOUT (pid:18058)
[2021-04-24 19:18:41 -0400] [51286] [CRITICAL] WORKER TIMEOUT (pid:18084)
[2021-04-24 19:34:31 -0400] [51286] [CRITICAL] WORKER TIMEOUT (pid:18085)
[2021-04-24 19:34:31 -0400] [51286] [CRITICAL] WORKER TIMEOUT (pid:18101)
[2021-04-24 19:34:31 -0400] [51286] [CRITICAL] WORKER TIMEOUT (pid:18102)
[2021-04-24 19:34:31 -0400] [51286] [CRITICAL] WORKER TIMEOUT (pid:18103)
[2021-04-24 19:34:31 -0400] [51286] [CRITICAL] WORKER TIMEOUT (pid:18104)
[2021-04-24 19:34:31 -0400] [51286] [CRITICAL] WORKER TIMEOUT (pid:18105)
[2021-04-24 19:34:31 -0400] [51286] [CRITICAL] WORKER TIMEOUT (pid:18106)
[2021-04-24 19:50:21 -0400] [51286] [CRITICAL] WORKER TIMEOUT (pid:18107)
[2021-04-24 20:06:13 -0400] [51286] [CRITICAL] WORKER TIMEOUT (pid:18108)
[2021-04-24 20:06:13 -0400] [51286] [CRITICAL] WORKER TIMEOUT (pid:18126)
[2021-04-24 20:06:13 -0400] [51286] [CRITICAL] WORKER TIMEOUT (pid:18127)
[2021-04-24 20:06:13 -0400] [51286] [CRITICAL] WORKER TIMEOUT (pid:18128)
[2021-04-24 20:06:13 -0400] [51286] [CRITICAL] WORKER TIMEOUT (pid:18129)
[2021-04-24 20:06:13 -0400] [51286] [CRITICAL] WORKER TIMEOUT (pid:18130)
[2021-04-24 20:06:13 -0400] [51286] [CRITICAL] WORKER TIMEOUT (pid:18131)
[2021-04-24 20:06:13 -0400] [51286] [CRITICAL] WORKER TIMEOUT (pid:18132)
[2021-04-24 20:06:13 -0400] [51286] [CRITICAL] WORKER TIMEOUT (pid:18155)
[2021-04-24 20:22:04 -0400] [51286] [CRITICAL] WORKER TIMEOUT (pid:18178)
[2021-04-24 20:22:04 -0400] [51286] [CRITICAL] WORKER TIMEOUT (pid:18179)
[2021-04-24 20:22:04 -0400] [51286] [CRITICAL] WORKER TIMEOUT (pid:18180)
[2021-04-24 20:22:04 -0400] [51286] [CRITICAL] WORKER TIMEOUT (pid:18181)
[2021-04-24 20:22:04 -0400] [51286] [CRITICAL] WORKER TIMEOUT (pid:18182)
[2021-04-24 20:42:55 -0400] [51286] [CRITICAL] WORKER TIMEOUT (pid:18183)
[2021-04-24 20:42:55 -0400] [51286] [CRITICAL] WORKER TIMEOUT (pid:18186)
[2021-04-24 20:42:55 -0400] [51286] [CRITICAL] WORKER TIMEOUT (pid:18209)
[2021-04-24 21:03:46 -0400] [51286] [CRITICAL] WORKER TIMEOUT (pid:18184)
[2021-04-24 21:03:46 -0400] [51286] [CRITICAL] WORKER TIMEOUT (pid:18185)
[2021-04-24 21:03:46 -0400] [51286] [CRITICAL] WORKER TIMEOUT (pid:18205)
[2021-04-24 21:03:46 -0400] [51286] [CRITICAL] WORKER TIMEOUT (pid:18206)
[2021-04-24 21:03:46 -0400] [51286] [CRITICAL] WORKER TIMEOUT (pid:18207)
[2021-04-24 21:03:46 -0400] [51286] [CRITICAL] WORKER TIMEOUT (pid:18208)
[2021-04-24 21:03:46 -0400] [51286] [CRITICAL] WORKER TIMEOUT (pid:18227)
[2021-04-24 21:03:46 -0400] [51286] [CRITICAL] WORKER TIMEOUT (pid:18228)
[2021-04-24 21:03:46 -0400] [51286] [CRITICAL] WORKER TIMEOUT (pid:18229)
[2021-04-24 21:24:36 -0400] [51286] [CRITICAL] WORKER TIMEOUT (pid:18249)
[2021-04-24 21:24:36 -0400] [51286] [CRITICAL] WORKER TIMEOUT (pid:18250)
[2021-04-24 21:24:36 -0400] [51286] [CRITICAL] WORKER TIMEOUT (pid:18251)
[2021-04-24 21:24:36 -0400] [51286] [CRITICAL] WORKER TIMEOUT (pid:18252)
[2021-04-24 21:24:36 -0400] [51286] [CRITICAL] WORKER TIMEOUT (pid:18253)
[2021-04-24 21:24:36 -0400] [51286] [CRITICAL] WORKER TIMEOUT (pid:18254)
[2021-04-24 21:45:29 -0400] [51286] [CRITICAL] WORKER TIMEOUT (pid:18255)
[2021-04-24 21:45:29 -0400] [51286] [CRITICAL] WORKER TIMEOUT (pid:18256)
[2021-04-24 21:45:29 -0400] [51286] [CRITICAL] WORKER TIMEOUT (pid:18257)
[2021-04-24 21:45:29 -0400] [51286] [CRITICAL] WORKER TIMEOUT (pid:18273)
[2021-04-24 21:45:29 -0400] [51286] [CRITICAL] WORKER TIMEOUT (pid:18274)
[2021-04-24 21:45:29 -0400] [51286] [CRITICAL] WORKER TIMEOUT (pid:18276)
[2021-04-24 21:45:29 -0400] [51286] [CRITICAL] WORKER TIMEOUT (pid:18277)
[2021-04-24 21:45:29 -0400] [51286] [CRITICAL] WORKER TIMEOUT (pid:18278)
[2021-04-24 21:45:29 -0400] [51286] [CRITICAL] WORKER TIMEOUT (pid:18279)
[2021-04-24 23:46:15 -0400] [51286] [CRITICAL] WORKER TIMEOUT (pid:18295)
[2021-04-24 23:52:02 -0400] [51286] [CRITICAL] WORKER TIMEOUT (pid:18296)
[2021-04-24 23:57:48 -0400] [51286] [CRITICAL] WORKER TIMEOUT (pid:18297)
[2021-04-25 00:03:34 -0400] [51286] [CRITICAL] WORKER TIMEOUT (pid:18298)
[2021-04-25 00:09:20 -0400] [51286] [CRITICAL] WORKER TIMEOUT (pid:18299)
[2021-04-25 00:09:20 -0400] [51286] [CRITICAL] WORKER TIMEOUT (pid:18300)
[2021-04-25 00:09:20 -0400] [51286] [CRITICAL] WORKER TIMEOUT (pid:18301)
[2021-04-25 00:09:20 -0400] [51286] [CRITICAL] WORKER TIMEOUT (pid:18302)
[2021-04-25 00:09:20 -0400] [51286] [CRITICAL] WORKER TIMEOUT (pid:18303)
[2021-04-25 00:09:20 -0400] [51286] [CRITICAL] WORKER TIMEOUT (pid:18407)
[2021-04-25 00:09:20 -0400] [51286] [CRITICAL] WORKER TIMEOUT (pid:18424)
[2021-04-25 00:09:20 -0400] [51286] [CRITICAL] WORKER TIMEOUT (pid:18439)
[2021-04-25 00:09:20 -0400] [51286] [CRITICAL] WORKER TIMEOUT (pid:18454)
[2021-04-25 00:15:06 -0400] [51286] [CRITICAL] WORKER TIMEOUT (pid:18477)
[2021-04-25 00:20:52 -0400] [51286] [CRITICAL] WORKER TIMEOUT (pid:18478)
[2021-04-25 00:26:38 -0400] [51286] [CRITICAL] WORKER TIMEOUT (pid:18479)
[2021-04-25 00:26:38 -0400] [51286] [CRITICAL] WORKER TIMEOUT (pid:18480)
[2021-04-25 00:26:38 -0400] [51286] [CRITICAL] WORKER TIMEOUT (pid:18481)
[2021-04-25 00:26:38 -0400] [51286] [CRITICAL] WORKER TIMEOUT (pid:18482)
[2021-04-25 00:26:38 -0400] [51286] [CRITICAL] WORKER TIMEOUT (pid:18483)
[2021-04-25 00:26:38 -0400] [51286] [CRITICAL] WORKER TIMEOUT (pid:18484)
[2021-04-25 00:26:38 -0400] [51286] [CRITICAL] WORKER TIMEOUT (pid:18485)
[2021-04-25 00:26:38 -0400] [51286] [CRITICAL] WORKER TIMEOUT (pid:18499)
[2021-04-25 00:26:38 -0400] [51286] [CRITICAL] WORKER TIMEOUT (pid:18515)
[2021-04-25 00:32:24 -0400] [51286] [CRITICAL] WORKER TIMEOUT (pid:18529)
[2021-04-25 00:32:24 -0400] [51286] [CRITICAL] WORKER TIMEOUT (pid:18530)
[2021-04-25 00:32:24 -0400] [51286] [CRITICAL] WORKER TIMEOUT (pid:18531)
[2021-04-25 00:32:24 -0400] [51286] [CRITICAL] WORKER TIMEOUT (pid:18532)
[2021-04-25 00:32:24 -0400] [51286] [CRITICAL] WORKER TIMEOUT (pid:18533)
[2021-04-25 00:32:24 -0400] [51286] [CRITICAL] WORKER TIMEOUT (pid:18534)
[2021-04-25 00:32:24 -0400] [51286] [CRITICAL] WORKER TIMEOUT (pid:18535)
[2021-04-25 00:32:24 -0400] [51286] [CRITICAL] WORKER TIMEOUT (pid:18536)
[2021-04-25 00:32:24 -0400] [51286] [CRITICAL] WORKER TIMEOUT (pid:18538)
[2021-04-25 00:38:10 -0400] [51286] [CRITICAL] WORKER TIMEOUT (pid:18553)
[2021-04-25 00:38:10 -0400] [51286] [CRITICAL] WORKER TIMEOUT (pid:18555)
[2021-04-25 00:38:10 -0400] [51286] [CRITICAL] WORKER TIMEOUT (pid:18556)
[2021-04-25 00:38:10 -0400] [51286] [CRITICAL] WORKER TIMEOUT (pid:18557)
[2021-04-25 00:38:10 -0400] [51286] [CRITICAL] WORKER TIMEOUT (pid:18558)
[2021-04-25 00:38:10 -0400] [51286] [CRITICAL] WORKER TIMEOUT (pid:18559)
[2021-04-25 00:38:10 -0400] [51286] [CRITICAL] WORKER TIMEOUT (pid:18560)
[2021-04-25 00:38:10 -0400] [51286] [CRITICAL] WORKER TIMEOUT (pid:18561)
[2021-04-25 00:38:10 -0400] [51286] [CRITICAL] WORKER TIMEOUT (pid:18562)
[2021-04-25 00:43:56 -0400] [51286] [CRITICAL] WORKER TIMEOUT (pid:18586)
[2021-04-25 00:49:42 -0400] [51286] [CRITICAL] WORKER TIMEOUT (pid:18587)
[2021-04-25 00:55:29 -0400] [51286] [CRITICAL] WORKER TIMEOUT (pid:18588)
[2021-04-25 01:01:15 -0400] [51286] [CRITICAL] WORKER TIMEOUT (pid:18589)
[2021-04-25 01:07:01 -0400] [51286] [CRITICAL] WORKER TIMEOUT (pid:18590)
[2021-04-25 01:07:01 -0400] [51286] [CRITICAL] WORKER TIMEOUT (pid:18661)
[2021-04-25 01:12:47 -0400] [51286] [CRITICAL] WORKER TIMEOUT (pid:18591)
[2021-04-25 01:12:47 -0400] [51286] [CRITICAL] WORKER TIMEOUT (pid:18593)
[2021-04-25 01:12:47 -0400] [51286] [CRITICAL] WORKER TIMEOUT (pid:18594)
[2021-04-25 01:12:47 -0400] [51286] [CRITICAL] WORKER TIMEOUT (pid:18595)
[2021-04-25 01:12:47 -0400] [51286] [CRITICAL] WORKER TIMEOUT (pid:18611)
[2021-04-25 01:12:47 -0400] [51286] [CRITICAL] WORKER TIMEOUT (pid:18628)
[2021-04-25 01:12:47 -0400] [51286] [CRITICAL] WORKER TIMEOUT (pid:18644)
[2021-04-25 01:12:47 -0400] [51286] [CRITICAL] WORKER TIMEOUT (pid:18674)
[2021-04-25 01:12:47 -0400] [51286] [CRITICAL] WORKER TIMEOUT (pid:18675)
[2021-04-25 01:18:33 -0400] [51286] [CRITICAL] WORKER TIMEOUT (pid:18695)
[2021-04-25 01:24:19 -0400] [51286] [CRITICAL] WORKER TIMEOUT (pid:18696)
[2021-04-25 01:24:19 -0400] [51286] [CRITICAL] WORKER TIMEOUT (pid:18697)
[2021-04-25 01:24:19 -0400] [51286] [CRITICAL] WORKER TIMEOUT (pid:18698)
[2021-04-25 01:24:19 -0400] [51286] [CRITICAL] WORKER TIMEOUT (pid:18699)
[2021-04-25 01:24:19 -0400] [51286] [CRITICAL] WORKER TIMEOUT (pid:18700)
[2021-04-25 01:24:19 -0400] [51286] [CRITICAL] WORKER TIMEOUT (pid:18701)
[2021-04-25 01:24:19 -0400] [51286] [CRITICAL] WORKER TIMEOUT (pid:18702)
[2021-04-25 01:24:19 -0400] [51286] [CRITICAL] WORKER TIMEOUT (pid:18703)
[2021-04-25 01:24:19 -0400] [51286] [CRITICAL] WORKER TIMEOUT (pid:18720)
[2021-04-25 01:30:05 -0400] [51286] [CRITICAL] WORKER TIMEOUT (pid:18733)
[2021-04-25 01:30:05 -0400] [51286] [CRITICAL] WORKER TIMEOUT (pid:18734)
[2021-04-25 01:30:05 -0400] [51286] [CRITICAL] WORKER TIMEOUT (pid:18735)
[2021-04-25 01:30:05 -0400] [51286] [CRITICAL] WORKER TIMEOUT (pid:18736)
[2021-04-25 01:30:05 -0400] [51286] [CRITICAL] WORKER TIMEOUT (pid:18737)
[2021-04-25 01:30:05 -0400] [51286] [CRITICAL] WORKER TIMEOUT (pid:18738)
[2021-04-25 01:30:05 -0400] [51286] [CRITICAL] WORKER TIMEOUT (pid:18739)
[2021-04-25 01:30:05 -0400] [51286] [CRITICAL] WORKER TIMEOUT (pid:18740)
[2021-04-25 01:35:51 -0400] [51286] [CRITICAL] WORKER TIMEOUT (pid:18741)
[2021-04-25 01:41:37 -0400] [51286] [CRITICAL] WORKER TIMEOUT (pid:18761)
[2021-04-25 01:47:23 -0400] [51286] [CRITICAL] WORKER TIMEOUT (pid:18762)
[2021-04-25 01:53:09 -0400] [51286] [CRITICAL] WORKER TIMEOUT (pid:18763)
[2021-04-25 01:53:09 -0400] [51286] [CRITICAL] WORKER TIMEOUT (pid:18764)
[2021-04-25 01:53:09 -0400] [51286] [CRITICAL] WORKER TIMEOUT (pid:18765)
[2021-04-25 01:53:09 -0400] [51286] [CRITICAL] WORKER TIMEOUT (pid:18766)
[2021-04-25 01:53:09 -0400] [51286] [CRITICAL] WORKER TIMEOUT (pid:18767)
[2021-04-25 01:53:09 -0400] [51286] [CRITICAL] WORKER TIMEOUT (pid:18768)
[2021-04-25 01:53:09 -0400] [51286] [CRITICAL] WORKER TIMEOUT (pid:18781)
[2021-04-25 01:53:09 -0400] [51286] [CRITICAL] WORKER TIMEOUT (pid:18796)
[2021-04-25 01:53:09 -0400] [51286] [CRITICAL] WORKER TIMEOUT (pid:18812)
[2021-04-25 01:58:55 -0400] [51286] [CRITICAL] WORKER TIMEOUT (pid:18913)
[2021-04-25 01:58:55 -0400] [51286] [CRITICAL] WORKER TIMEOUT (pid:18914)
[2021-04-25 01:58:55 -0400] [51286] [CRITICAL] WORKER TIMEOUT (pid:18915)
[2021-04-25 01:58:55 -0400] [51286] [CRITICAL] WORKER TIMEOUT (pid:18916)
[2021-04-25 01:58:55 -0400] [51286] [CRITICAL] WORKER TIMEOUT (pid:18917)
[2021-04-25 01:58:55 -0400] [51286] [CRITICAL] WORKER TIMEOUT (pid:18918)
[2021-04-25 01:58:55 -0400] [51286] [CRITICAL] WORKER TIMEOUT (pid:18919)
[2021-04-25 01:58:55 -0400] [51286] [CRITICAL] WORKER TIMEOUT (pid:18920)
[2021-04-25 01:58:55 -0400] [51286] [CRITICAL] WORKER TIMEOUT (pid:18921)
[2021-04-25 02:04:41 -0400] [51286] [CRITICAL] WORKER TIMEOUT (pid:18935)
[2021-04-25 02:04:41 -0400] [51286] [CRITICAL] WORKER TIMEOUT (pid:18939)
[2021-04-25 02:04:41 -0400] [51286] [CRITICAL] WORKER TIMEOUT (pid:18943)
[2021-04-25 02:10:27 -0400] [51286] [CRITICAL] WORKER TIMEOUT (pid:18936)
[2021-04-25 02:10:27 -0400] [51286] [CRITICAL] WORKER TIMEOUT (pid:18937)
[2021-04-25 02:10:27 -0400] [51286] [CRITICAL] WORKER TIMEOUT (pid:18938)
[2021-04-25 02:10:27 -0400] [51286] [CRITICAL] WORKER TIMEOUT (pid:18940)
[2021-04-25 02:10:27 -0400] [51286] [CRITICAL] WORKER TIMEOUT (pid:18942)
[2021-04-25 02:10:27 -0400] [51286] [CRITICAL] WORKER TIMEOUT (pid:18944)
[2021-04-25 02:10:27 -0400] [51286] [CRITICAL] WORKER TIMEOUT (pid:18960)
[2021-04-25 02:10:27 -0400] [51286] [CRITICAL] WORKER TIMEOUT (pid:18961)
[2021-04-25 02:10:27 -0400] [51286] [CRITICAL] WORKER TIMEOUT (pid:18964)
[2021-04-25 02:16:13 -0400] [51286] [CRITICAL] WORKER TIMEOUT (pid:18981)
[2021-04-25 02:21:59 -0400] [51286] [CRITICAL] WORKER TIMEOUT (pid:18982)
[2021-04-25 02:27:45 -0400] [51286] [CRITICAL] WORKER TIMEOUT (pid:18983)
[2021-04-25 02:27:45 -0400] [51286] [CRITICAL] WORKER TIMEOUT (pid:18984)
[2021-04-25 02:27:45 -0400] [51286] [CRITICAL] WORKER TIMEOUT (pid:18985)
[2021-04-25 02:27:45 -0400] [51286] [CRITICAL] WORKER TIMEOUT (pid:18986)
[2021-04-25 02:27:45 -0400] [51286] [CRITICAL] WORKER TIMEOUT (pid:18987)
[2021-04-25 02:27:45 -0400] [51286] [CRITICAL] WORKER TIMEOUT (pid:18988)
[2021-04-25 02:27:45 -0400] [51286] [CRITICAL] WORKER TIMEOUT (pid:18989)
[2021-04-25 02:27:45 -0400] [51286] [CRITICAL] WORKER TIMEOUT (pid:19002)
[2021-04-25 02:27:45 -0400] [51286] [CRITICAL] WORKER TIMEOUT (pid:19095)
[2021-04-25 02:33:31 -0400] [51286] [CRITICAL] WORKER TIMEOUT (pid:19111)
[2021-04-25 02:33:31 -0400] [51286] [CRITICAL] WORKER TIMEOUT (pid:19115)
[2021-04-25 02:33:31 -0400] [51286] [CRITICAL] WORKER TIMEOUT (pid:19116)
[2021-04-25 02:33:31 -0400] [51286] [CRITICAL] WORKER TIMEOUT (pid:19117)
[2021-04-25 02:33:31 -0400] [51286] [CRITICAL] WORKER TIMEOUT (pid:19118)
[2021-04-25 02:33:31 -0400] [51286] [CRITICAL] WORKER TIMEOUT (pid:19119)
[2021-04-25 02:39:19 -0400] [51286] [CRITICAL] WORKER TIMEOUT (pid:19112)
[2021-04-25 02:45:05 -0400] [51286] [CRITICAL] WORKER TIMEOUT (pid:19113)
[2021-04-25 02:50:51 -0400] [51286] [CRITICAL] WORKER TIMEOUT (pid:19114)
[2021-04-25 02:56:37 -0400] [51286] [CRITICAL] WORKER TIMEOUT (pid:19137)
[2021-04-25 02:56:37 -0400] [51286] [CRITICAL] WORKER TIMEOUT (pid:19142)
[2021-04-25 02:56:37 -0400] [51286] [CRITICAL] WORKER TIMEOUT (pid:19158)
[2021-04-25 02:56:37 -0400] [51286] [CRITICAL] WORKER TIMEOUT (pid:19176)
[2021-04-25 02:56:37 -0400] [51286] [CRITICAL] WORKER TIMEOUT (pid:19190)
[2021-04-25 03:02:23 -0400] [51286] [CRITICAL] WORKER TIMEOUT (pid:19138)
[2021-04-25 03:02:23 -0400] [51286] [CRITICAL] WORKER TIMEOUT (pid:19139)
[2021-04-25 03:02:23 -0400] [51286] [CRITICAL] WORKER TIMEOUT (pid:19140)
[2021-04-25 03:02:23 -0400] [51286] [CRITICAL] WORKER TIMEOUT (pid:19141)
[2021-04-25 03:02:23 -0400] [51286] [CRITICAL] WORKER TIMEOUT (pid:19205)
[2021-04-25 03:02:23 -0400] [51286] [CRITICAL] WORKER TIMEOUT (pid:19206)
[2021-04-25 03:02:23 -0400] [51286] [CRITICAL] WORKER TIMEOUT (pid:19207)
[2021-04-25 03:02:23 -0400] [51286] [CRITICAL] WORKER TIMEOUT (pid:19208)
[2021-04-25 03:08:09 -0400] [51286] [CRITICAL] WORKER TIMEOUT (pid:19209)
[2021-04-25 03:13:55 -0400] [51286] [CRITICAL] WORKER TIMEOUT (pid:19305)
[2021-04-25 03:13:55 -0400] [51286] [CRITICAL] WORKER TIMEOUT (pid:19306)
[2021-04-25 03:13:55 -0400] [51286] [CRITICAL] WORKER TIMEOUT (pid:19307)
[2021-04-25 03:13:55 -0400] [51286] [CRITICAL] WORKER TIMEOUT (pid:19308)
[2021-04-25 03:13:55 -0400] [51286] [CRITICAL] WORKER TIMEOUT (pid:19309)
[2021-04-25 03:13:55 -0400] [51286] [CRITICAL] WORKER TIMEOUT (pid:19310)
[2021-04-25 03:13:55 -0400] [51286] [CRITICAL] WORKER TIMEOUT (pid:19311)
[2021-04-25 03:13:55 -0400] [51286] [CRITICAL] WORKER TIMEOUT (pid:19312)
[2021-04-25 03:13:55 -0400] [51286] [CRITICAL] WORKER TIMEOUT (pid:19326)
[2021-04-25 03:19:41 -0400] [51286] [CRITICAL] WORKER TIMEOUT (pid:19341)
[2021-04-25 03:19:41 -0400] [51286] [CRITICAL] WORKER TIMEOUT (pid:19349)
[2021-04-25 03:19:41 -0400] [51286] [CRITICAL] WORKER TIMEOUT (pid:19351)
[2021-04-25 03:25:27 -0400] [51286] [CRITICAL] WORKER TIMEOUT (pid:19342)
[2021-04-25 03:31:13 -0400] [51286] [CRITICAL] WORKER TIMEOUT (pid:19344)
[2021-04-25 03:31:13 -0400] [51286] [CRITICAL] WORKER TIMEOUT (pid:19352)
[2021-04-25 03:31:13 -0400] [51286] [CRITICAL] WORKER TIMEOUT (pid:19370)
[2021-04-25 03:36:59 -0400] [51286] [CRITICAL] WORKER TIMEOUT (pid:19345)
[2021-04-25 03:42:45 -0400] [51286] [CRITICAL] WORKER TIMEOUT (pid:19346)
[2021-04-25 03:42:45 -0400] [51286] [CRITICAL] WORKER TIMEOUT (pid:19350)
[2021-04-25 03:42:45 -0400] [51286] [CRITICAL] WORKER TIMEOUT (pid:19368)
[2021-04-25 03:42:45 -0400] [51286] [CRITICAL] WORKER TIMEOUT (pid:19369)
[2021-04-25 03:42:45 -0400] [51286] [CRITICAL] WORKER TIMEOUT (pid:19385)
[2021-04-25 03:42:45 -0400] [51286] [CRITICAL] WORKER TIMEOUT (pid:19403)
[2021-04-25 03:42:45 -0400] [51286] [CRITICAL] WORKER TIMEOUT (pid:19404)
[2021-04-25 03:42:45 -0400] [51286] [CRITICAL] WORKER TIMEOUT (pid:19405)
[2021-04-25 03:42:45 -0400] [51286] [CRITICAL] WORKER TIMEOUT (pid:19540)
[2021-04-25 03:48:31 -0400] [51286] [CRITICAL] WORKER TIMEOUT (pid:19559)
[2021-04-25 03:48:31 -0400] [51286] [CRITICAL] WORKER TIMEOUT (pid:19560)
[2021-04-25 03:48:31 -0400] [51286] [CRITICAL] WORKER TIMEOUT (pid:19562)
[2021-04-25 03:48:31 -0400] [51286] [CRITICAL] WORKER TIMEOUT (pid:19564)
[2021-04-25 03:48:31 -0400] [51286] [CRITICAL] WORKER TIMEOUT (pid:19565)
[2021-04-25 03:48:31 -0400] [51286] [CRITICAL] WORKER TIMEOUT (pid:19566)
[2021-04-25 03:48:31 -0400] [51286] [CRITICAL] WORKER TIMEOUT (pid:19567)
[2021-04-25 03:54:17 -0400] [51286] [CRITICAL] WORKER TIMEOUT (pid:19561)
[2021-04-25 03:54:17 -0400] [51286] [CRITICAL] WORKER TIMEOUT (pid:19563)
[2021-04-25 03:54:17 -0400] [51286] [CRITICAL] WORKER TIMEOUT (pid:19580)
[2021-04-25 03:54:17 -0400] [51286] [CRITICAL] WORKER TIMEOUT (pid:19581)
[2021-04-25 03:54:17 -0400] [51286] [CRITICAL] WORKER TIMEOUT (pid:19582)
[2021-04-25 03:54:17 -0400] [51286] [CRITICAL] WORKER TIMEOUT (pid:19583)
[2021-04-25 03:54:17 -0400] [51286] [CRITICAL] WORKER TIMEOUT (pid:19584)
[2021-04-25 03:54:17 -0400] [51286] [CRITICAL] WORKER TIMEOUT (pid:19585)
[2021-04-25 03:54:17 -0400] [51286] [CRITICAL] WORKER TIMEOUT (pid:19586)
[2021-04-25 04:00:03 -0400] [51286] [CRITICAL] WORKER TIMEOUT (pid:19611)
[2021-04-25 04:05:49 -0400] [51286] [CRITICAL] WORKER TIMEOUT (pid:19612)
[2021-04-25 04:05:49 -0400] [51286] [CRITICAL] WORKER TIMEOUT (pid:19613)
[2021-04-25 04:05:49 -0400] [51286] [CRITICAL] WORKER TIMEOUT (pid:19614)
[2021-04-25 04:05:49 -0400] [51286] [CRITICAL] WORKER TIMEOUT (pid:19615)
[2021-04-25 04:05:49 -0400] [51286] [CRITICAL] WORKER TIMEOUT (pid:19616)
[2021-04-25 04:05:49 -0400] [51286] [CRITICAL] WORKER TIMEOUT (pid:19617)
[2021-04-25 04:05:49 -0400] [51286] [CRITICAL] WORKER TIMEOUT (pid:19618)
[2021-04-25 04:11:35 -0400] [51286] [CRITICAL] WORKER TIMEOUT (pid:19619)
[2021-04-25 04:17:21 -0400] [51286] [CRITICAL] WORKER TIMEOUT (pid:19634)
[2021-04-25 04:23:07 -0400] [51286] [CRITICAL] WORKER TIMEOUT (pid:19649)
[2021-04-25 04:23:07 -0400] [51286] [CRITICAL] WORKER TIMEOUT (pid:19650)
[2021-04-25 04:23:07 -0400] [51286] [CRITICAL] WORKER TIMEOUT (pid:19651)
[2021-04-25 04:23:07 -0400] [51286] [CRITICAL] WORKER TIMEOUT (pid:19653)
[2021-04-25 04:23:07 -0400] [51286] [CRITICAL] WORKER TIMEOUT (pid:19654)
[2021-04-25 04:23:07 -0400] [51286] [CRITICAL] WORKER TIMEOUT (pid:19655)
[2021-04-25 04:23:07 -0400] [51286] [CRITICAL] WORKER TIMEOUT (pid:19656)
[2021-04-25 04:23:07 -0400] [51286] [CRITICAL] WORKER TIMEOUT (pid:19676)
[2021-04-25 04:23:07 -0400] [51286] [CRITICAL] WORKER TIMEOUT (pid:19692)
[2021-04-25 04:28:53 -0400] [51286] [CRITICAL] WORKER TIMEOUT (pid:19706)
[2021-04-25 04:34:39 -0400] [51286] [CRITICAL] WORKER TIMEOUT (pid:19707)
[2021-04-25 04:40:25 -0400] [51286] [CRITICAL] WORKER TIMEOUT (pid:19708)
[2021-04-25 04:40:25 -0400] [51286] [CRITICAL] WORKER TIMEOUT (pid:19712)
[2021-04-25 04:40:25 -0400] [51286] [CRITICAL] WORKER TIMEOUT (pid:19713)
[2021-04-25 04:40:25 -0400] [51286] [CRITICAL] WORKER TIMEOUT (pid:19714)
[2021-04-25 04:40:25 -0400] [51286] [CRITICAL] WORKER TIMEOUT (pid:19730)
[2021-04-25 04:40:25 -0400] [51286] [CRITICAL] WORKER TIMEOUT (pid:19753)
[2021-04-25 04:46:11 -0400] [51286] [CRITICAL] WORKER TIMEOUT (pid:19709)
[2021-04-25 04:46:11 -0400] [51286] [CRITICAL] WORKER TIMEOUT (pid:19774)
[2021-04-25 04:57:09 -0400] [51286] [CRITICAL] WORKER TIMEOUT (pid:19710)
[2021-04-25 05:02:55 -0400] [51286] [CRITICAL] WORKER TIMEOUT (pid:19711)
[2021-04-25 05:08:41 -0400] [51286] [CRITICAL] WORKER TIMEOUT (pid:19769)
[2021-04-25 05:08:41 -0400] [51286] [CRITICAL] WORKER TIMEOUT (pid:19791)
[2021-04-25 05:08:41 -0400] [51286] [CRITICAL] WORKER TIMEOUT (pid:19886)
[2021-04-25 05:14:27 -0400] [51286] [CRITICAL] WORKER TIMEOUT (pid:19770)
[2021-04-25 05:20:13 -0400] [51286] [CRITICAL] WORKER TIMEOUT (pid:19771)
[2021-04-25 05:25:59 -0400] [51286] [CRITICAL] WORKER TIMEOUT (pid:19772)
[2021-04-25 05:25:59 -0400] [51286] [CRITICAL] WORKER TIMEOUT (pid:19773)
[2021-04-25 05:25:59 -0400] [51286] [CRITICAL] WORKER TIMEOUT (pid:19792)
[2021-04-25 05:25:59 -0400] [51286] [CRITICAL] WORKER TIMEOUT (pid:19905)
[2021-04-25 05:25:59 -0400] [51286] [CRITICAL] WORKER TIMEOUT (pid:19919)
[2021-04-25 05:25:59 -0400] [51286] [CRITICAL] WORKER TIMEOUT (pid:19920)
[2021-04-25 05:25:59 -0400] [51286] [CRITICAL] WORKER TIMEOUT (pid:19921)
[2021-04-25 05:31:45 -0400] [51286] [CRITICAL] WORKER TIMEOUT (pid:20023)
[2021-04-25 05:37:31 -0400] [51286] [CRITICAL] WORKER TIMEOUT (pid:20036)
[2021-04-25 05:43:18 -0400] [51286] [CRITICAL] WORKER TIMEOUT (pid:20053)
[2021-04-25 05:49:04 -0400] [51286] [CRITICAL] WORKER TIMEOUT (pid:20054)
[2021-04-25 05:49:04 -0400] [51286] [CRITICAL] WORKER TIMEOUT (pid:20055)
[2021-04-25 05:49:04 -0400] [51286] [CRITICAL] WORKER TIMEOUT (pid:20056)
[2021-04-25 05:49:04 -0400] [51286] [CRITICAL] WORKER TIMEOUT (pid:20057)
[2021-04-25 05:49:04 -0400] [51286] [CRITICAL] WORKER TIMEOUT (pid:20058)
[2021-04-25 05:49:04 -0400] [51286] [CRITICAL] WORKER TIMEOUT (pid:20059)
[2021-04-25 05:49:04 -0400] [51286] [CRITICAL] WORKER TIMEOUT (pid:20077)
[2021-04-25 05:49:04 -0400] [51286] [CRITICAL] WORKER TIMEOUT (pid:20097)
[2021-04-25 05:49:04 -0400] [51286] [CRITICAL] WORKER TIMEOUT (pid:20110)
[2021-04-25 05:54:50 -0400] [51286] [CRITICAL] WORKER TIMEOUT (pid:20126)
[2021-04-25 06:00:36 -0400] [51286] [CRITICAL] WORKER TIMEOUT (pid:20127)
[2021-04-25 06:06:22 -0400] [51286] [CRITICAL] WORKER TIMEOUT (pid:20128)
[2021-04-25 06:12:08 -0400] [51286] [CRITICAL] WORKER TIMEOUT (pid:20129)
[2021-04-25 06:12:08 -0400] [51286] [CRITICAL] WORKER TIMEOUT (pid:20130)
[2021-04-25 06:12:08 -0400] [51286] [CRITICAL] WORKER TIMEOUT (pid:20131)
[2021-04-25 06:12:08 -0400] [51286] [CRITICAL] WORKER TIMEOUT (pid:20132)
[2021-04-25 06:12:08 -0400] [51286] [CRITICAL] WORKER TIMEOUT (pid:20133)
[2021-04-25 06:12:08 -0400] [51286] [CRITICAL] WORKER TIMEOUT (pid:20134)
[2021-04-25 06:12:08 -0400] [51286] [CRITICAL] WORKER TIMEOUT (pid:20154)
[2021-04-25 06:12:08 -0400] [51286] [CRITICAL] WORKER TIMEOUT (pid:20169)
[2021-04-25 06:12:08 -0400] [51286] [CRITICAL] WORKER TIMEOUT (pid:20184)
[2021-04-25 06:17:54 -0400] [51286] [CRITICAL] WORKER TIMEOUT (pid:20200)
[2021-04-25 06:23:42 -0400] [51286] [CRITICAL] WORKER TIMEOUT (pid:20201)
[2021-04-25 06:23:42 -0400] [51286] [CRITICAL] WORKER TIMEOUT (pid:20202)
[2021-04-25 06:23:42 -0400] [51286] [CRITICAL] WORKER TIMEOUT (pid:20203)
[2021-04-25 06:23:42 -0400] [51286] [CRITICAL] WORKER TIMEOUT (pid:20204)
[2021-04-25 06:23:42 -0400] [51286] [CRITICAL] WORKER TIMEOUT (pid:20205)
[2021-04-25 06:23:42 -0400] [51286] [CRITICAL] WORKER TIMEOUT (pid:20206)
[2021-04-25 06:23:42 -0400] [51286] [CRITICAL] WORKER TIMEOUT (pid:20207)
[2021-04-25 06:23:42 -0400] [51286] [CRITICAL] WORKER TIMEOUT (pid:20208)
[2021-04-25 06:23:42 -0400] [51286] [CRITICAL] WORKER TIMEOUT (pid:20227)
[2021-04-25 06:29:28 -0400] [51286] [CRITICAL] WORKER TIMEOUT (pid:20242)
[2021-04-25 06:35:16 -0400] [51286] [CRITICAL] WORKER TIMEOUT (pid:20243)
[2021-04-25 06:35:16 -0400] [51286] [CRITICAL] WORKER TIMEOUT (pid:20244)
[2021-04-25 06:35:16 -0400] [51286] [CRITICAL] WORKER TIMEOUT (pid:20245)
[2021-04-25 06:35:16 -0400] [51286] [CRITICAL] WORKER TIMEOUT (pid:20246)
[2021-04-25 06:35:16 -0400] [51286] [CRITICAL] WORKER TIMEOUT (pid:20247)
[2021-04-25 06:35:16 -0400] [51286] [CRITICAL] WORKER TIMEOUT (pid:20248)
[2021-04-25 06:35:16 -0400] [51286] [CRITICAL] WORKER TIMEOUT (pid:20249)
[2021-04-25 06:35:16 -0400] [51286] [CRITICAL] WORKER TIMEOUT (pid:20250)
[2021-04-25 06:35:16 -0400] [51286] [CRITICAL] WORKER TIMEOUT (pid:20269)
[2021-04-25 06:41:02 -0400] [51286] [CRITICAL] WORKER TIMEOUT (pid:20286)
[2021-04-25 06:46:48 -0400] [51286] [CRITICAL] WORKER TIMEOUT (pid:20287)
[2021-04-25 06:52:34 -0400] [51286] [CRITICAL] WORKER TIMEOUT (pid:20288)
[2021-04-25 06:52:34 -0400] [51286] [CRITICAL] WORKER TIMEOUT (pid:20289)
[2021-04-25 06:52:34 -0400] [51286] [CRITICAL] WORKER TIMEOUT (pid:20290)
[2021-04-25 06:52:34 -0400] [51286] [CRITICAL] WORKER TIMEOUT (pid:20291)
[2021-04-25 06:52:34 -0400] [51286] [CRITICAL] WORKER TIMEOUT (pid:20292)
[2021-04-25 06:52:34 -0400] [51286] [CRITICAL] WORKER TIMEOUT (pid:20293)
[2021-04-25 06:52:34 -0400] [51286] [CRITICAL] WORKER TIMEOUT (pid:20294)
[2021-04-25 06:58:21 -0400] [51286] [CRITICAL] WORKER TIMEOUT (pid:20308)
[2021-04-25 06:58:21 -0400] [51286] [CRITICAL] WORKER TIMEOUT (pid:20324)
[2021-04-25 06:58:21 -0400] [51286] [CRITICAL] WORKER TIMEOUT (pid:20339)
[2021-04-25 06:58:21 -0400] [51286] [CRITICAL] WORKER TIMEOUT (pid:20340)
[2021-04-25 06:58:21 -0400] [51286] [CRITICAL] WORKER TIMEOUT (pid:20341)
[2021-04-25 06:58:21 -0400] [51286] [CRITICAL] WORKER TIMEOUT (pid:20342)
[2021-04-25 06:58:21 -0400] [51286] [CRITICAL] WORKER TIMEOUT (pid:20343)
[2021-04-25 06:58:21 -0400] [51286] [CRITICAL] WORKER TIMEOUT (pid:20344)
[2021-04-25 06:58:21 -0400] [51286] [CRITICAL] WORKER TIMEOUT (pid:20345)
[2021-04-25 07:04:07 -0400] [51286] [CRITICAL] WORKER TIMEOUT (pid:20366)
[2021-04-25 07:09:53 -0400] [51286] [CRITICAL] WORKER TIMEOUT (pid:20367)
[2021-04-25 07:15:39 -0400] [51286] [CRITICAL] WORKER TIMEOUT (pid:20368)
[2021-04-25 07:21:25 -0400] [51286] [CRITICAL] WORKER TIMEOUT (pid:20369)
[2021-04-25 07:24:12 -0400] [51286] [CRITICAL] WORKER TIMEOUT (pid:20370)
[2021-04-25 07:29:58 -0400] [51286] [CRITICAL] WORKER TIMEOUT (pid:20371)
[2021-04-25 07:29:58 -0400] [51286] [CRITICAL] WORKER TIMEOUT (pid:20372)
[2021-04-25 07:29:58 -0400] [51286] [CRITICAL] WORKER TIMEOUT (pid:20373)
[2021-04-25 07:29:58 -0400] [51286] [CRITICAL] WORKER TIMEOUT (pid:20374)
[2021-04-25 07:29:58 -0400] [51286] [CRITICAL] WORKER TIMEOUT (pid:20389)
[2021-04-25 07:29:58 -0400] [51286] [CRITICAL] WORKER TIMEOUT (pid:20404)
[2021-04-25 07:29:58 -0400] [51286] [CRITICAL] WORKER TIMEOUT (pid:20528)
[2021-04-25 07:29:58 -0400] [51286] [CRITICAL] WORKER TIMEOUT (pid:20547)
[2021-04-25 07:29:58 -0400] [51286] [CRITICAL] WORKER TIMEOUT (pid:20613)
[2021-04-25 07:33:35 -0400] [51286] [CRITICAL] WORKER TIMEOUT (pid:20634)
[2021-04-25 10:17:18 -0400] [51286] [CRITICAL] WORKER TIMEOUT (pid:20635)
[2021-04-25 11:28:39 -0400] [51286] [CRITICAL] WORKER TIMEOUT (pid:20636)
[2021-04-25 11:34:25 -0400] [51286] [CRITICAL] WORKER TIMEOUT (pid:20637)
[2021-04-25 11:40:11 -0400] [51286] [CRITICAL] WORKER TIMEOUT (pid:20638)
[2021-04-25 11:40:11 -0400] [51286] [CRITICAL] WORKER TIMEOUT (pid:20639)
[2021-04-25 11:40:11 -0400] [51286] [CRITICAL] WORKER TIMEOUT (pid:20640)
[2021-04-25 11:40:11 -0400] [51286] [CRITICAL] WORKER TIMEOUT (pid:20641)
[2021-04-25 11:40:11 -0400] [51286] [CRITICAL] WORKER TIMEOUT (pid:20642)
[2021-04-25 11:40:11 -0400] [51286] [CRITICAL] WORKER TIMEOUT (pid:20661)
[2021-04-25 11:40:11 -0400] [51286] [CRITICAL] WORKER TIMEOUT (pid:29233)
[2021-04-25 11:40:11 -0400] [51286] [CRITICAL] WORKER TIMEOUT (pid:31038)
[2021-04-25 11:40:11 -0400] [51286] [CRITICAL] WORKER TIMEOUT (pid:31141)
[2021-04-25 11:45:57 -0400] [51286] [CRITICAL] WORKER TIMEOUT (pid:31151)
[2021-04-25 11:51:44 -0400] [51286] [CRITICAL] WORKER TIMEOUT (pid:31152)
[2021-04-25 11:51:44 -0400] [51286] [CRITICAL] WORKER TIMEOUT (pid:31159)
[2021-04-25 11:51:44 -0400] [51286] [CRITICAL] WORKER TIMEOUT (pid:31174)
[2021-04-25 11:57:30 -0400] [51286] [CRITICAL] WORKER TIMEOUT (pid:31153)
[2021-04-25 11:57:30 -0400] [51286] [CRITICAL] WORKER TIMEOUT (pid:31154)
[2021-04-25 11:57:30 -0400] [51286] [CRITICAL] WORKER TIMEOUT (pid:31155)
[2021-04-25 11:57:30 -0400] [51286] [CRITICAL] WORKER TIMEOUT (pid:31156)
[2021-04-25 11:57:30 -0400] [51286] [CRITICAL] WORKER TIMEOUT (pid:31157)
[2021-04-25 11:57:30 -0400] [51286] [CRITICAL] WORKER TIMEOUT (pid:31158)
[2021-04-25 11:57:30 -0400] [51286] [CRITICAL] WORKER TIMEOUT (pid:31188)
[2021-04-25 11:57:30 -0400] [51286] [CRITICAL] WORKER TIMEOUT (pid:31189)
[2021-04-25 12:03:16 -0400] [51286] [CRITICAL] WORKER TIMEOUT (pid:31190)
[2021-04-25 12:03:16 -0400] [51286] [CRITICAL] WORKER TIMEOUT (pid:31204)
[2021-04-25 12:03:16 -0400] [51286] [CRITICAL] WORKER TIMEOUT (pid:31205)
[2021-04-25 12:03:16 -0400] [51286] [CRITICAL] WORKER TIMEOUT (pid:31206)
[2021-04-25 12:03:16 -0400] [51286] [CRITICAL] WORKER TIMEOUT (pid:31207)
[2021-04-25 12:03:16 -0400] [51286] [CRITICAL] WORKER TIMEOUT (pid:31208)
[2021-04-25 12:03:16 -0400] [51286] [CRITICAL] WORKER TIMEOUT (pid:31209)
[2021-04-25 12:03:16 -0400] [51286] [CRITICAL] WORKER TIMEOUT (pid:31210)
[2021-04-25 12:03:16 -0400] [51286] [CRITICAL] WORKER TIMEOUT (pid:31211)
[2021-04-25 12:09:03 -0400] [51286] [CRITICAL] WORKER TIMEOUT (pid:31225)
[2021-04-25 12:14:49 -0400] [51286] [CRITICAL] WORKER TIMEOUT (pid:31226)
[2021-04-25 12:20:35 -0400] [51286] [CRITICAL] WORKER TIMEOUT (pid:31227)
[2021-04-25 12:20:35 -0400] [51286] [CRITICAL] WORKER TIMEOUT (pid:31228)
[2021-04-25 12:20:35 -0400] [51286] [CRITICAL] WORKER TIMEOUT (pid:31229)
[2021-04-25 12:20:35 -0400] [51286] [CRITICAL] WORKER TIMEOUT (pid:31230)
[2021-04-25 12:20:35 -0400] [51286] [CRITICAL] WORKER TIMEOUT (pid:31231)
[2021-04-25 12:20:35 -0400] [51286] [CRITICAL] WORKER TIMEOUT (pid:31232)
[2021-04-25 12:20:35 -0400] [51286] [CRITICAL] WORKER TIMEOUT (pid:31233)
[2021-04-25 12:20:35 -0400] [51286] [CRITICAL] WORKER TIMEOUT (pid:31250)
[2021-04-25 12:20:35 -0400] [51286] [CRITICAL] WORKER TIMEOUT (pid:31267)
[2021-04-25 12:26:22 -0400] [51286] [CRITICAL] WORKER TIMEOUT (pid:31278)
[2021-04-25 12:26:22 -0400] [51286] [CRITICAL] WORKER TIMEOUT (pid:31279)
[2021-04-25 12:26:22 -0400] [51286] [CRITICAL] WORKER TIMEOUT (pid:31280)
[2021-04-25 12:26:22 -0400] [51286] [CRITICAL] WORKER TIMEOUT (pid:31281)
[2021-04-25 12:26:22 -0400] [51286] [CRITICAL] WORKER TIMEOUT (pid:31282)
[2021-04-25 12:26:22 -0400] [51286] [CRITICAL] WORKER TIMEOUT (pid:31283)
[2021-04-25 12:26:22 -0400] [51286] [CRITICAL] WORKER TIMEOUT (pid:31284)
[2021-04-25 12:26:22 -0400] [51286] [CRITICAL] WORKER TIMEOUT (pid:31285)
[2021-04-25 12:26:22 -0400] [51286] [CRITICAL] WORKER TIMEOUT (pid:31286)
[2021-04-25 12:32:08 -0400] [51286] [CRITICAL] WORKER TIMEOUT (pid:31304)
[2021-04-25 12:32:08 -0400] [51286] [CRITICAL] WORKER TIMEOUT (pid:31305)
[2021-04-25 12:32:08 -0400] [51286] [CRITICAL] WORKER TIMEOUT (pid:31306)
[2021-04-25 12:32:08 -0400] [51286] [CRITICAL] WORKER TIMEOUT (pid:31307)
[2021-04-25 12:32:08 -0400] [51286] [CRITICAL] WORKER TIMEOUT (pid:31308)
[2021-04-25 12:32:08 -0400] [51286] [CRITICAL] WORKER TIMEOUT (pid:31309)
[2021-04-25 12:32:08 -0400] [51286] [CRITICAL] WORKER TIMEOUT (pid:31310)
[2021-04-25 12:32:08 -0400] [51286] [CRITICAL] WORKER TIMEOUT (pid:31311)
[2021-04-25 12:32:08 -0400] [51286] [CRITICAL] WORKER TIMEOUT (pid:31312)
[2021-04-25 12:37:54 -0400] [51286] [CRITICAL] WORKER TIMEOUT (pid:31327)
[2021-04-25 12:37:54 -0400] [51286] [CRITICAL] WORKER TIMEOUT (pid:31328)
[2021-04-25 12:37:54 -0400] [51286] [CRITICAL] WORKER TIMEOUT (pid:31329)
[2021-04-25 12:37:54 -0400] [51286] [CRITICAL] WORKER TIMEOUT (pid:31330)
[2021-04-25 12:37:54 -0400] [51286] [CRITICAL] WORKER TIMEOUT (pid:31331)
[2021-04-25 12:37:54 -0400] [51286] [CRITICAL] WORKER TIMEOUT (pid:31332)
[2021-04-25 12:37:54 -0400] [51286] [CRITICAL] WORKER TIMEOUT (pid:31333)
[2021-04-25 12:37:54 -0400] [51286] [CRITICAL] WORKER TIMEOUT (pid:31334)
[2021-04-25 12:37:54 -0400] [51286] [CRITICAL] WORKER TIMEOUT (pid:31335)
[2021-04-25 12:43:41 -0400] [51286] [CRITICAL] WORKER TIMEOUT (pid:31349)
[2021-04-25 12:43:41 -0400] [51286] [CRITICAL] WORKER TIMEOUT (pid:31350)
[2021-04-25 12:43:41 -0400] [51286] [CRITICAL] WORKER TIMEOUT (pid:31351)
[2021-04-25 12:43:41 -0400] [51286] [CRITICAL] WORKER TIMEOUT (pid:31352)
[2021-04-25 12:49:27 -0400] [51286] [CRITICAL] WORKER TIMEOUT (pid:31353)
[2021-04-25 12:49:27 -0400] [51286] [CRITICAL] WORKER TIMEOUT (pid:31354)
[2021-04-25 12:49:27 -0400] [51286] [CRITICAL] WORKER TIMEOUT (pid:31355)
[2021-04-25 12:49:27 -0400] [51286] [CRITICAL] WORKER TIMEOUT (pid:31356)
[2021-04-25 12:49:27 -0400] [51286] [CRITICAL] WORKER TIMEOUT (pid:31357)
[2021-04-25 12:49:27 -0400] [51286] [CRITICAL] WORKER TIMEOUT (pid:31376)
[2021-04-25 12:49:27 -0400] [51286] [CRITICAL] WORKER TIMEOUT (pid:31377)
[2021-04-25 12:49:27 -0400] [51286] [CRITICAL] WORKER TIMEOUT (pid:31378)
[2021-04-25 12:55:13 -0400] [51286] [CRITICAL] WORKER TIMEOUT (pid:31379)
[2021-04-25 13:01:00 -0400] [51286] [CRITICAL] WORKER TIMEOUT (pid:31391)
[2021-04-25 13:01:00 -0400] [51286] [CRITICAL] WORKER TIMEOUT (pid:31392)
[2021-04-25 13:01:00 -0400] [51286] [CRITICAL] WORKER TIMEOUT (pid:31393)
[2021-04-25 13:01:00 -0400] [51286] [CRITICAL] WORKER TIMEOUT (pid:31394)
[2021-04-25 13:01:00 -0400] [51286] [CRITICAL] WORKER TIMEOUT (pid:31395)
[2021-04-25 13:01:00 -0400] [51286] [CRITICAL] WORKER TIMEOUT (pid:31396)
[2021-04-25 13:01:00 -0400] [51286] [CRITICAL] WORKER TIMEOUT (pid:31397)
[2021-04-25 13:01:00 -0400] [51286] [CRITICAL] WORKER TIMEOUT (pid:31398)
[2021-04-25 13:01:00 -0400] [51286] [CRITICAL] WORKER TIMEOUT (pid:31413)
[2021-04-25 13:06:49 -0400] [51286] [CRITICAL] WORKER TIMEOUT (pid:31427)
[2021-04-25 13:06:49 -0400] [51286] [CRITICAL] WORKER TIMEOUT (pid:31428)
[2021-04-25 13:06:49 -0400] [51286] [CRITICAL] WORKER TIMEOUT (pid:31429)
[2021-04-25 13:06:49 -0400] [51286] [CRITICAL] WORKER TIMEOUT (pid:31430)
[2021-04-25 13:06:49 -0400] [51286] [CRITICAL] WORKER TIMEOUT (pid:31431)
[2021-04-25 13:06:49 -0400] [51286] [CRITICAL] WORKER TIMEOUT (pid:31432)
[2021-04-25 13:06:49 -0400] [51286] [CRITICAL] WORKER TIMEOUT (pid:31433)
[2021-04-25 13:06:49 -0400] [51286] [CRITICAL] WORKER TIMEOUT (pid:31434)
[2021-04-25 13:06:49 -0400] [51286] [CRITICAL] WORKER TIMEOUT (pid:31435)
[2021-04-25 13:12:35 -0400] [51286] [CRITICAL] WORKER TIMEOUT (pid:31449)
[2021-04-25 13:22:43 -0400] [51286] [CRITICAL] WORKER TIMEOUT (pid:31450)
[2021-04-25 13:28:29 -0400] [51286] [CRITICAL] WORKER TIMEOUT (pid:31451)
[2021-04-25 13:34:16 -0400] [51286] [CRITICAL] WORKER TIMEOUT (pid:31452)
[2021-04-25 13:34:16 -0400] [51286] [CRITICAL] WORKER TIMEOUT (pid:31453)
[2021-04-25 13:34:16 -0400] [51286] [CRITICAL] WORKER TIMEOUT (pid:31454)
[2021-04-25 13:34:16 -0400] [51286] [CRITICAL] WORKER TIMEOUT (pid:31455)
[2021-04-25 13:34:16 -0400] [51286] [CRITICAL] WORKER TIMEOUT (pid:31456)
[2021-04-25 13:34:16 -0400] [51286] [CRITICAL] WORKER TIMEOUT (pid:31457)
[2021-04-25 13:34:16 -0400] [51286] [CRITICAL] WORKER TIMEOUT (pid:31475)
[2021-04-25 13:34:16 -0400] [51286] [CRITICAL] WORKER TIMEOUT (pid:34229)
[2021-04-25 13:34:16 -0400] [51286] [CRITICAL] WORKER TIMEOUT (pid:34382)
[2021-04-25 13:40:02 -0400] [51286] [CRITICAL] WORKER TIMEOUT (pid:34405)
[2021-04-25 13:49:43 -0400] [51286] [CRITICAL] WORKER TIMEOUT (pid:34406)
[2021-04-25 13:55:29 -0400] [51286] [CRITICAL] WORKER TIMEOUT (pid:34407)
[2021-04-25 13:55:29 -0400] [51286] [CRITICAL] WORKER TIMEOUT (pid:34408)
[2021-04-25 13:55:29 -0400] [51286] [CRITICAL] WORKER TIMEOUT (pid:34409)
[2021-04-25 13:55:29 -0400] [51286] [CRITICAL] WORKER TIMEOUT (pid:34410)
[2021-04-25 13:55:29 -0400] [51286] [CRITICAL] WORKER TIMEOUT (pid:34411)
[2021-04-25 13:55:29 -0400] [51286] [CRITICAL] WORKER TIMEOUT (pid:34412)
[2021-04-25 13:55:29 -0400] [51286] [CRITICAL] WORKER TIMEOUT (pid:34413)
[2021-04-25 13:55:29 -0400] [51286] [CRITICAL] WORKER TIMEOUT (pid:34428)
[2021-04-25 13:55:29 -0400] [51286] [CRITICAL] WORKER TIMEOUT (pid:34508)
[2021-04-25 13:56:54 -0400] [51286] [CRITICAL] WORKER TIMEOUT (pid:34532)
[2021-04-25 13:56:54 -0400] [51286] [CRITICAL] WORKER TIMEOUT (pid:34533)
[2021-04-25 13:56:54 -0400] [51286] [CRITICAL] WORKER TIMEOUT (pid:34534)
[2021-04-25 13:56:54 -0400] [51286] [CRITICAL] WORKER TIMEOUT (pid:34535)
[2021-04-25 13:56:54 -0400] [51286] [CRITICAL] WORKER TIMEOUT (pid:34536)
[2021-04-25 13:56:54 -0400] [51286] [CRITICAL] WORKER TIMEOUT (pid:34537)
[2021-04-25 13:56:54 -0400] [51286] [CRITICAL] WORKER TIMEOUT (pid:34538)
[2021-04-25 13:56:54 -0400] [51286] [CRITICAL] WORKER TIMEOUT (pid:34539)
[2021-04-25 13:56:54 -0400] [51286] [CRITICAL] WORKER TIMEOUT (pid:34540)
[2021-04-25 19:30:05 -0400] [51286] [CRITICAL] WORKER TIMEOUT (pid:34554)
[2021-04-25 19:30:05 -0400] [51286] [CRITICAL] WORKER TIMEOUT (pid:34557)
[2021-04-25 19:30:05 -0400] [51286] [CRITICAL] WORKER TIMEOUT (pid:34558)
[2021-04-25 19:30:05 -0400] [51286] [CRITICAL] WORKER TIMEOUT (pid:34559)
[2021-04-25 19:30:05 -0400] [51286] [CRITICAL] WORKER TIMEOUT (pid:34560)
[2021-04-25 19:30:05 -0400] [51286] [CRITICAL] WORKER TIMEOUT (pid:34561)
[2021-04-25 19:30:05 -0400] [51286] [CRITICAL] WORKER TIMEOUT (pid:34562)
[2021-04-25 19:30:05 -0400] [51286] [CRITICAL] WORKER TIMEOUT (pid:34563)
[2021-04-25 19:30:05 -0400] [51286] [CRITICAL] WORKER TIMEOUT (pid:34564)
[2021-04-26 01:57:58 -0400] [51286] [CRITICAL] WORKER TIMEOUT (pid:34577)
[2021-04-26 07:30:03 -0400] [51286] [CRITICAL] WORKER TIMEOUT (pid:34576)
[2021-04-26 07:30:03 -0400] [51286] [CRITICAL] WORKER TIMEOUT (pid:34579)
[2021-04-26 07:30:03 -0400] [51286] [CRITICAL] WORKER TIMEOUT (pid:34604)
[2021-04-26 09:03:36 -0400] [51286] [CRITICAL] WORKER TIMEOUT (pid:34578)
[2021-04-26 09:03:36 -0400] [51286] [CRITICAL] WORKER TIMEOUT (pid:34580)
[2021-04-26 09:03:36 -0400] [51286] [CRITICAL] WORKER TIMEOUT (pid:34581)
[2021-04-26 09:03:36 -0400] [51286] [CRITICAL] WORKER TIMEOUT (pid:34583)
[2021-04-26 09:03:36 -0400] [51286] [CRITICAL] WORKER TIMEOUT (pid:34584)
[2021-04-26 09:03:36 -0400] [51286] [CRITICAL] WORKER TIMEOUT (pid:34585)
[2021-04-26 09:03:36 -0400] [51286] [CRITICAL] WORKER TIMEOUT (pid:34614)
[2021-04-26 09:03:36 -0400] [51286] [CRITICAL] WORKER TIMEOUT (pid:34615)
[2021-04-26 09:03:36 -0400] [51286] [CRITICAL] WORKER TIMEOUT (pid:34623)
[2021-04-26 11:50:50 -0400] [51286] [CRITICAL] WORKER TIMEOUT (pid:34686)
[2021-04-26 12:06:41 -0400] [51286] [CRITICAL] WORKER TIMEOUT (pid:34687)
[2021-04-26 12:22:33 -0400] [51286] [CRITICAL] WORKER TIMEOUT (pid:34688)
[2021-04-26 12:22:33 -0400] [51286] [CRITICAL] WORKER TIMEOUT (pid:34693)
[2021-04-26 12:38:54 -0400] [51286] [CRITICAL] WORKER TIMEOUT (pid:34689)
[2021-04-26 12:38:54 -0400] [51286] [CRITICAL] WORKER TIMEOUT (pid:34690)
[2021-04-26 12:38:54 -0400] [51286] [CRITICAL] WORKER TIMEOUT (pid:34691)
[2021-04-26 12:38:54 -0400] [51286] [CRITICAL] WORKER TIMEOUT (pid:34692)
[2021-04-26 12:38:54 -0400] [51286] [CRITICAL] WORKER TIMEOUT (pid:34694)
[2021-04-26 12:38:54 -0400] [51286] [CRITICAL] WORKER TIMEOUT (pid:42884)
[2021-04-26 12:38:54 -0400] [51286] [CRITICAL] WORKER TIMEOUT (pid:42904)
[2021-04-26 12:38:54 -0400] [51286] [CRITICAL] WORKER TIMEOUT (pid:42926)
[2021-04-26 12:38:54 -0400] [51286] [CRITICAL] WORKER TIMEOUT (pid:42927)
[2021-04-26 12:54:45 -0400] [51286] [CRITICAL] WORKER TIMEOUT (pid:42946)
[2021-04-26 12:54:45 -0400] [51286] [CRITICAL] WORKER TIMEOUT (pid:42947)
[2021-04-26 12:54:45 -0400] [51286] [CRITICAL] WORKER TIMEOUT (pid:42948)
[2021-04-26 12:54:45 -0400] [51286] [CRITICAL] WORKER TIMEOUT (pid:42949)
[2021-04-26 12:54:45 -0400] [51286] [CRITICAL] WORKER TIMEOUT (pid:42950)
[2021-04-26 12:54:45 -0400] [51286] [CRITICAL] WORKER TIMEOUT (pid:42951)
[2021-04-26 12:54:45 -0400] [51286] [CRITICAL] WORKER TIMEOUT (pid:42952)
[2021-04-26 12:54:45 -0400] [51286] [CRITICAL] WORKER TIMEOUT (pid:42953)
[2021-04-26 12:54:45 -0400] [51286] [CRITICAL] WORKER TIMEOUT (pid:42954)
[2021-04-26 13:12:48 -0400] [51286] [CRITICAL] WORKER TIMEOUT (pid:42969)
[2021-04-26 13:32:10 -0400] [51286] [CRITICAL] WORKER TIMEOUT (pid:42970)
[2021-04-26 13:47:57 -0400] [51286] [CRITICAL] WORKER TIMEOUT (pid:42971)
[2021-04-26 13:47:57 -0400] [51286] [CRITICAL] WORKER TIMEOUT (pid:42972)
[2021-04-26 13:47:57 -0400] [51286] [CRITICAL] WORKER TIMEOUT (pid:42973)
[2021-04-26 13:47:57 -0400] [51286] [CRITICAL] WORKER TIMEOUT (pid:42974)
[2021-04-26 13:47:57 -0400] [51286] [CRITICAL] WORKER TIMEOUT (pid:42976)
[2021-04-26 17:44:22 -0400] [4324] [CRITICAL] WORKER TIMEOUT (pid:4325)
[2021-04-26 17:59:14 -0400] [4324] [CRITICAL] WORKER TIMEOUT (pid:4326)
[2021-04-26 17:59:14 -0400] [4324] [CRITICAL] WORKER TIMEOUT (pid:4331)
[2021-04-26 17:59:14 -0400] [4324] [CRITICAL] WORKER TIMEOUT (pid:4333)
[2021-04-26 17:59:14 -0400] [4324] [CRITICAL] WORKER TIMEOUT (pid:5532)
[2021-04-26 18:26:11 -0400] [4324] [CRITICAL] WORKER TIMEOUT (pid:4327)
[2021-04-26 19:17:58 -0400] [4324] [CRITICAL] WORKER TIMEOUT (pid:4328)
[2021-04-26 19:28:44 -0400] [4324] [CRITICAL] WORKER TIMEOUT (pid:4329)
[2021-04-26 19:28:44 -0400] [4324] [CRITICAL] WORKER TIMEOUT (pid:4330)
[2021-04-26 19:28:44 -0400] [4324] [CRITICAL] WORKER TIMEOUT (pid:4332)
[2021-04-26 19:28:44 -0400] [4324] [CRITICAL] WORKER TIMEOUT (pid:5549)
[2021-04-26 19:28:44 -0400] [4324] [CRITICAL] WORKER TIMEOUT (pid:5550)
[2021-04-26 19:28:44 -0400] [4324] [CRITICAL] WORKER TIMEOUT (pid:5551)
[2021-04-26 19:28:44 -0400] [4324] [CRITICAL] WORKER TIMEOUT (pid:5552)
[2021-04-26 19:49:49 -0400] [4324] [CRITICAL] WORKER TIMEOUT (pid:6453)
[2021-04-26 20:01:05 -0400] [4324] [CRITICAL] WORKER TIMEOUT (pid:7549)
[2021-04-26 20:49:29 -0400] [4324] [CRITICAL] WORKER TIMEOUT (pid:7615)
[2021-04-27 01:10:36 -0400] [4324] [CRITICAL] WORKER TIMEOUT (pid:7616)
[2021-04-27 01:57:27 -0400] [4324] [CRITICAL] WORKER TIMEOUT (pid:7617)
[2021-04-27 02:13:11 -0400] [4324] [CRITICAL] WORKER TIMEOUT (pid:7618)
[2021-04-27 02:13:11 -0400] [4324] [CRITICAL] WORKER TIMEOUT (pid:7621)
[2021-04-27 02:13:11 -0400] [4324] [CRITICAL] WORKER TIMEOUT (pid:7778)
[2021-04-27 02:13:11 -0400] [4324] [CRITICAL] WORKER TIMEOUT (pid:7851)
[2021-04-27 02:13:11 -0400] [4324] [CRITICAL] WORKER TIMEOUT (pid:24277)
[2021-04-27 02:13:11 -0400] [4324] [CRITICAL] WORKER TIMEOUT (pid:26066)
[2021-04-27 02:24:56 -0400] [4324] [CRITICAL] WORKER TIMEOUT (pid:7619)
[2021-04-27 08:21:13 -0400] [4324] [CRITICAL] WORKER TIMEOUT (pid:7620)
[2021-04-28 13:02:55 -0400] [60126] [CRITICAL] WORKER TIMEOUT (pid:60127)
[2021-04-28 13:24:49 -0400] [60126] [CRITICAL] WORKER TIMEOUT (pid:60128)
[2021-04-28 13:35:34 -0400] [60126] [CRITICAL] WORKER TIMEOUT (pid:60129)
[2021-04-28 14:20:37 -0400] [60126] [CRITICAL] WORKER TIMEOUT (pid:60130)
[2021-04-28 16:30:09 -0400] [60126] [CRITICAL] WORKER TIMEOUT (pid:60131)
[2021-04-28 16:59:09 -0400] [60126] [CRITICAL] WORKER TIMEOUT (pid:60132)
[2021-04-28 17:44:10 -0400] [60126] [CRITICAL] WORKER TIMEOUT (pid:60133)
[2021-04-28 19:17:55 -0400] [60126] [CRITICAL] WORKER TIMEOUT (pid:60134)
[2021-04-28 19:54:59 -0400] [60126] [CRITICAL] WORKER TIMEOUT (pid:60135)
[2021-04-28 20:12:28 -0400] [60126] [CRITICAL] WORKER TIMEOUT (pid:61009)
[2021-04-28 20:33:07 -0400] [60126] [CRITICAL] WORKER TIMEOUT (pid:61029)
[2021-04-28 21:27:53 -0400] [60126] [CRITICAL] WORKER TIMEOUT (pid:61063)
[2021-04-28 22:19:07 -0400] [67189] [ERROR] Socket error processing request.
Traceback (most recent call last):
  File "/Users/dmarkant/opt/anaconda3/envs/psiturk3/lib/python3.9/site-packages/gunicorn/workers/base_async.py", line 65, in handle
    util.reraise(*sys.exc_info())
  File "/Users/dmarkant/opt/anaconda3/envs/psiturk3/lib/python3.9/site-packages/gunicorn/util.py", line 625, in reraise
    raise value
  File "/Users/dmarkant/opt/anaconda3/envs/psiturk3/lib/python3.9/site-packages/gunicorn/workers/base_async.py", line 55, in handle
    self.handle_request(listener_name, req, client, addr)
  File "/Users/dmarkant/opt/anaconda3/envs/psiturk3/lib/python3.9/site-packages/gunicorn/workers/ggevent.py", line 143, in handle_request
    super().handle_request(listener_name, req, sock, addr)
  File "/Users/dmarkant/opt/anaconda3/envs/psiturk3/lib/python3.9/site-packages/gunicorn/workers/base_async.py", line 128, in handle_request
    util.reraise(*sys.exc_info())
  File "/Users/dmarkant/opt/anaconda3/envs/psiturk3/lib/python3.9/site-packages/gunicorn/util.py", line 625, in reraise
    raise value
  File "/Users/dmarkant/opt/anaconda3/envs/psiturk3/lib/python3.9/site-packages/gunicorn/workers/base_async.py", line 111, in handle_request
    resp.write_file(respiter)
  File "/Users/dmarkant/opt/anaconda3/envs/psiturk3/lib/python3.9/site-packages/gunicorn/http/wsgi.py", line 396, in write_file
    if not self.sendfile(respiter):
  File "/Users/dmarkant/opt/anaconda3/envs/psiturk3/lib/python3.9/site-packages/gunicorn/http/wsgi.py", line 386, in sendfile
    sent += os.sendfile(sockno, fileno, offset + sent, count)
  File "/Users/dmarkant/opt/anaconda3/envs/psiturk3/lib/python3.9/site-packages/gunicorn/workers/ggevent.py", line 36, in _gevent_sendfile
    return _os_sendfile(fdout, fdin, offset, nbytes)
OSError: [Errno 57] Socket is not connected
[2021-04-28 22:19:31 -0400] [67877] [ERROR] Socket error processing request.
Traceback (most recent call last):
  File "/Users/dmarkant/opt/anaconda3/envs/psiturk3/lib/python3.9/site-packages/gunicorn/workers/base_async.py", line 65, in handle
    util.reraise(*sys.exc_info())
  File "/Users/dmarkant/opt/anaconda3/envs/psiturk3/lib/python3.9/site-packages/gunicorn/util.py", line 625, in reraise
    raise value
  File "/Users/dmarkant/opt/anaconda3/envs/psiturk3/lib/python3.9/site-packages/gunicorn/workers/base_async.py", line 55, in handle
    self.handle_request(listener_name, req, client, addr)
  File "/Users/dmarkant/opt/anaconda3/envs/psiturk3/lib/python3.9/site-packages/gunicorn/workers/ggevent.py", line 143, in handle_request
    super().handle_request(listener_name, req, sock, addr)
  File "/Users/dmarkant/opt/anaconda3/envs/psiturk3/lib/python3.9/site-packages/gunicorn/workers/base_async.py", line 128, in handle_request
    util.reraise(*sys.exc_info())
  File "/Users/dmarkant/opt/anaconda3/envs/psiturk3/lib/python3.9/site-packages/gunicorn/util.py", line 625, in reraise
    raise value
  File "/Users/dmarkant/opt/anaconda3/envs/psiturk3/lib/python3.9/site-packages/gunicorn/workers/base_async.py", line 111, in handle_request
    resp.write_file(respiter)
  File "/Users/dmarkant/opt/anaconda3/envs/psiturk3/lib/python3.9/site-packages/gunicorn/http/wsgi.py", line 396, in write_file
    if not self.sendfile(respiter):
  File "/Users/dmarkant/opt/anaconda3/envs/psiturk3/lib/python3.9/site-packages/gunicorn/http/wsgi.py", line 386, in sendfile
    sent += os.sendfile(sockno, fileno, offset + sent, count)
  File "/Users/dmarkant/opt/anaconda3/envs/psiturk3/lib/python3.9/site-packages/gunicorn/workers/ggevent.py", line 36, in _gevent_sendfile
    return _os_sendfile(fdout, fdin, offset, nbytes)
OSError: [Errno 57] Socket is not connected
[2021-04-29 00:00:12 -0400] [60126] [CRITICAL] WORKER TIMEOUT (pid:61079)
[2021-04-29 00:18:35 -0400] [60126] [CRITICAL] WORKER TIMEOUT (pid:67169)
[2021-04-29 00:24:28 -0400] [60126] [CRITICAL] WORKER TIMEOUT (pid:67189)
[2021-04-29 00:24:28 -0400] [60126] [CRITICAL] WORKER TIMEOUT (pid:67999)
[2021-04-29 00:24:28 -0400] [60126] [CRITICAL] WORKER TIMEOUT (pid:72258)
[2021-04-29 03:08:58 -0400] [60126] [CRITICAL] WORKER TIMEOUT (pid:67218)
[2021-04-29 03:22:09 -0400] [60126] [CRITICAL] WORKER TIMEOUT (pid:67239)
[2021-04-29 07:46:47 -0400] [60126] [CRITICAL] WORKER TIMEOUT (pid:67860)
[2021-04-29 08:18:52 -0400] [60126] [CRITICAL] WORKER TIMEOUT (pid:67877)
[2021-04-29 08:36:04 -0400] [60126] [CRITICAL] WORKER TIMEOUT (pid:67894)
[2021-04-29 08:43:28 -0400] [60126] [CRITICAL] WORKER TIMEOUT (pid:72245)
[2021-04-29 11:45:14 -0400] [60126] [CRITICAL] WORKER TIMEOUT (pid:72284)
[2021-04-29 11:52:38 -0400] [60126] [CRITICAL] WORKER TIMEOUT (pid:72285)
[2021-04-29 12:15:01 -0400] [60126] [CRITICAL] WORKER TIMEOUT (pid:72286)
[2021-04-29 13:49:38 -0400] [60126] [CRITICAL] WORKER TIMEOUT (pid:72307)
[2021-04-29 13:57:00 -0400] [60126] [CRITICAL] WORKER TIMEOUT (pid:72339)
[2021-04-29 14:25:13 -0400] [60126] [CRITICAL] WORKER TIMEOUT (pid:72358)
[2021-04-29 15:55:05 -0400] [60126] [CRITICAL] WORKER TIMEOUT (pid:73068)
[2021-04-29 16:02:29 -0400] [60126] [CRITICAL] WORKER TIMEOUT (pid:73088)
[2021-04-29 16:47:37 -0400] [60126] [CRITICAL] WORKER TIMEOUT (pid:73109)
[2021-04-29 16:47:37 -0400] [60126] [CRITICAL] WORKER TIMEOUT (pid:81745)
[2021-04-29 16:47:37 -0400] [60126] [CRITICAL] WORKER TIMEOUT (pid:81762)
[2021-04-29 16:47:37 -0400] [60126] [CRITICAL] WORKER TIMEOUT (pid:81781)
[2021-04-29 16:47:37 -0400] [60126] [CRITICAL] WORKER TIMEOUT (pid:83495)
[2021-04-29 16:47:37 -0400] [60126] [CRITICAL] WORKER TIMEOUT (pid:83511)
[2021-04-29 16:47:37 -0400] [60126] [CRITICAL] WORKER TIMEOUT (pid:83532)
[2021-04-29 16:47:37 -0400] [60126] [CRITICAL] WORKER TIMEOUT (pid:88035)
[2021-04-29 16:47:37 -0400] [60126] [CRITICAL] WORKER TIMEOUT (pid:88051)
[2021-04-29 16:55:00 -0400] [60126] [CRITICAL] WORKER TIMEOUT (pid:88067)
[2021-04-29 17:49:05 -0400] [60126] [CRITICAL] WORKER TIMEOUT (pid:88068)
[2021-04-29 17:56:29 -0400] [60126] [CRITICAL] WORKER TIMEOUT (pid:88070)
[2021-04-29 17:56:29 -0400] [60126] [CRITICAL] WORKER TIMEOUT (pid:88071)
[2021-04-29 17:56:29 -0400] [60126] [CRITICAL] WORKER TIMEOUT (pid:88072)
[2021-04-29 17:56:29 -0400] [60126] [CRITICAL] WORKER TIMEOUT (pid:88073)
[2021-04-29 17:56:29 -0400] [60126] [CRITICAL] WORKER TIMEOUT (pid:88074)
[2021-04-29 17:56:29 -0400] [60126] [CRITICAL] WORKER TIMEOUT (pid:88075)
[2021-04-29 17:56:29 -0400] [60126] [CRITICAL] WORKER TIMEOUT (pid:88076)
[2021-04-29 17:56:29 -0400] [60126] [CRITICAL] WORKER TIMEOUT (pid:88099)
[2021-04-29 18:25:51 -0400] [60126] [CRITICAL] WORKER TIMEOUT (pid:88190)
[2021-04-29 19:32:33 -0400] [60126] [CRITICAL] WORKER TIMEOUT (pid:88208)
[2021-04-29 20:52:38 -0400] [60126] [CRITICAL] WORKER TIMEOUT (pid:88209)
[2021-04-29 21:00:01 -0400] [60126] [CRITICAL] WORKER TIMEOUT (pid:88210)
[2021-04-29 21:48:02 -0400] [60126] [CRITICAL] WORKER TIMEOUT (pid:88212)
[2021-04-29 21:55:25 -0400] [60126] [CRITICAL] WORKER TIMEOUT (pid:88213)
[2021-04-29 22:08:24 -0400] [60126] [CRITICAL] WORKER TIMEOUT (pid:88214)
[2021-04-29 23:38:25 -0400] [60126] [CRITICAL] WORKER TIMEOUT (pid:88215)
[2021-04-29 23:45:49 -0400] [60126] [CRITICAL] WORKER TIMEOUT (pid:88216)
[2021-04-30 01:48:33 -0400] [60126] [CRITICAL] WORKER TIMEOUT (pid:88233)
[2021-04-30 01:55:56 -0400] [60126] [CRITICAL] WORKER TIMEOUT (pid:89548)
[2021-04-30 06:14:19 -0400] [60126] [CRITICAL] WORKER TIMEOUT (pid:91249)
[2021-04-30 06:22:28 -0400] [60126] [CRITICAL] WORKER TIMEOUT (pid:91272)
[2021-04-30 08:32:05 -0400] [60126] [CRITICAL] WORKER TIMEOUT (pid:91288)
[2021-04-30 11:25:56 -0400] [60126] [CRITICAL] WORKER TIMEOUT (pid:91339)
[2021-04-30 11:34:07 -0400] [60126] [CRITICAL] WORKER TIMEOUT (pid:91360)
[2021-04-30 12:00:04 -0400] [60126] [CRITICAL] WORKER TIMEOUT (pid:92986)
[2021-04-30 14:27:00 -0400] [60126] [CRITICAL] WORKER TIMEOUT (pid:93003)
[2021-04-30 15:17:33 -0400] [60126] [CRITICAL] WORKER TIMEOUT (pid:93021)
[2021-04-30 15:46:53 -0400] [60126] [CRITICAL] WORKER TIMEOUT (pid:93058)
[2021-04-30 15:54:17 -0400] [60126] [CRITICAL] WORKER TIMEOUT (pid:93081)
[2021-04-30 16:34:43 -0400] [60126] [CRITICAL] WORKER TIMEOUT (pid:93145)
[2021-04-30 16:42:06 -0400] [60126] [CRITICAL] WORKER TIMEOUT (pid:93250)
[2021-04-30 19:47:12 -0400] [60126] [CRITICAL] WORKER TIMEOUT (pid:2043)
[2021-04-30 20:37:51 -0400] [60126] [CRITICAL] WORKER TIMEOUT (pid:2076)
[2021-04-30 20:45:16 -0400] [60126] [CRITICAL] WORKER TIMEOUT (pid:2093)
[2021-05-01 00:33:33 -0400] [60126] [CRITICAL] WORKER TIMEOUT (pid:6234)
[2021-05-01 00:40:55 -0400] [60126] [CRITICAL] WORKER TIMEOUT (pid:9705)
[2021-05-01 08:26:16 -0400] [60126] [CRITICAL] WORKER TIMEOUT (pid:9717)
[2021-05-01 11:42:28 -0400] [60126] [CRITICAL] WORKER TIMEOUT (pid:9740)
[2021-05-01 11:49:50 -0400] [60126] [CRITICAL] WORKER TIMEOUT (pid:9755)
[2021-05-01 12:29:45 -0400] [60126] [CRITICAL] WORKER TIMEOUT (pid:9776)
[2021-05-01 12:37:17 -0400] [60126] [CRITICAL] WORKER TIMEOUT (pid:9791)
[2021-05-01 14:59:43 -0400] [60126] [CRITICAL] WORKER TIMEOUT (pid:11232)
[2021-05-01 15:07:35 -0400] [60126] [CRITICAL] WORKER TIMEOUT (pid:11258)
[2021-05-01 22:15:13 -0400] [60126] [CRITICAL] WORKER TIMEOUT (pid:11279)
[2021-05-01 22:22:37 -0400] [60126] [CRITICAL] WORKER TIMEOUT (pid:11314)
[2021-05-02 09:00:00 -0400] [60126] [CRITICAL] WORKER TIMEOUT (pid:11347)
[2021-05-10 16:07:24 -0400] [70494] [CRITICAL] WORKER TIMEOUT (pid:70495)
[2021-05-10 16:12:32 -0400] [70494] [CRITICAL] WORKER TIMEOUT (pid:70496)
[2021-05-10 17:44:07 -0400] [70494] [CRITICAL] WORKER TIMEOUT (pid:70497)
[2021-05-10 19:30:00 -0400] [70494] [CRITICAL] WORKER TIMEOUT (pid:70498)
[2021-05-10 20:00:47 -0400] [70494] [CRITICAL] WORKER TIMEOUT (pid:70499)
[2021-05-10 20:05:57 -0400] [70494] [CRITICAL] WORKER TIMEOUT (pid:70500)
[2021-05-10 20:41:08 -0400] [70494] [CRITICAL] WORKER TIMEOUT (pid:70501)
[2021-05-10 20:46:17 -0400] [70494] [CRITICAL] WORKER TIMEOUT (pid:70502)
[2021-05-10 20:57:24 -0400] [70494] [CRITICAL] WORKER TIMEOUT (pid:70503)
[2021-05-10 20:57:55 -0400] [70494] [CRITICAL] WORKER TIMEOUT (pid:74669)
[2021-05-10 20:58:25 -0400] [70494] [CRITICAL] WORKER TIMEOUT (pid:74708)
